Index,Experiment,Replicate,Position,Trap,CellType
1,VIP_Cd,EXP1,xy01,trap1,CFP
2,VIP_Cd,EXP1,xy01,trap2,VIP
3,VIP_Cd,EXP1,xy02,trap1,CFP
4,VIP_Cd,EXP1,xy02,trap2,VIP
5,VIP_Cd,EXP1,xy02,trap3,CFP
6,VIP_Cd,EXP1,xy02,trap4,CFP
7,VIP_Cd,EXP1,xy02,trap5,CFP
8,VIP_Cd,EXP1,xy02,trap6,CFP
9,VIP_Cd,EXP1,xy02,trap7,CFP
10,VIP_Cd,EXP1,xy02,trap8,VIP
11,VIP_Cd,EXP1,xy03,trap1,VIP
12,VIP_Cd,EXP1,xy03,trap2,VIP
13,VIP_Cd,EXP1,xy03,trap3,VIP
14,VIP_Cd,EXP1,xy03,trap4,VIP
15,VIP_Cd,EXP1,xy04,trap1,CFP
16,VIP_Cd,EXP1,xy04,trap2,VIP
17,VIP_Cd,EXP1,xy04,trap3,VIP
18,VIP_Cd,EXP1,xy04,trap4,VIP
19,VIP_Cd,EXP1,xy04,trap5,VIP
20,VIP_Cd,EXP1,xy05,trap1,CFP
21,VIP_Cd,EXP1,xy05,trap2,VIP
22,VIP_Cd,EXP1,xy05,trap3,VIP
23,VIP_Cd,EXP1,xy05,trap4,VIP
24,VIP_Cd,EXP1,xy05,trap5,CFP
25,VIP_Cd,EXP1,xy05,trap6,CFP
26,VIP_Cd,EXP1,xy05,trap7,CFP
27,VIP_Cd,EXP1,xy06,trap1,CFP
28,VIP_Cd,EXP1,xy06,trap2,CFP
29,VIP_Cd,EXP1,xy06,trap3,VIP
30,VIP_Cd,EXP1,xy06,trap4,VIP
31,VIP_Cd,EXP1,xy06,trap5,CFP
32,VIP_Cd,EXP1,xy07,trap1,CFP
33,VIP_Cd,EXP1,xy07,trap2,CFP
34,VIP_Cd,EXP1,xy07,trap3,VIP
35,VIP_Cd,EXP1,xy07,trap4,VIP
36,VIP_Cd,EXP1,xy08,trap1,VIP
37,VIP_Cd,EXP1,xy08,trap2,CFP
38,VIP_Cd,EXP1,xy08,trap3,CFP
39,VIP_Cd,EXP1,xy08,trap4,CFP
40,VIP_Cd,EXP1,xy08,trap5,CFP
41,VIP_Cd,EXP1,xy09,trap1,VIP
42,VIP_Cd,EXP1,xy09,trap2,VIP
43,VIP_Cd,EXP1,xy10,trap1,VIP
44,VIP_Cd,EXP1,xy12,trap1,VIP
45,VIP_Cd,EXP1,xy12,trap2,VIP
46,VIP_Cd,EXP1,xy12,trap3,CFP
47,VIP_Cd,EXP1,xy13,trap1,VIP
48,VIP_Cd,EXP1,xy13,trap2,CFP
49,VIP_Cd,EXP1,xy14,trap1,VIP
50,VIP_Cd,EXP1,xy14,trap2,VIP
51,VIP_Cd,EXP1,xy14,trap3,VIP
52,VIP_Cd,EXP1,xy15,trap1,VIP
53,VIP_Cd,EXP1,xy15,trap2,VIP
54,VIP_Cd,EXP1,xy15,trap3,VIP
55,VIP_Cd,EXP1,xy16,trap1,VIP
56,VIP_Cd,EXP1,xy16,trap2,VIP
57,VIP_Cd,EXP1,xy16,trap3,VIP
58,VIP_Cd,EXP1,xy17,trap1,VIP
59,VIP_Cd,EXP1,xy17,trap2,CFP
60,VIP_Cd,EXP1,xy18,trap1,CFP
61,VIP_Cd,EXP1,xy18,trap2,VIP
62,VIP_Cd,EXP1,xy18,trap3,VIP
63,VIP_Cd,EXP2,xy01,trap1,VIP
64,VIP_Cd,EXP2,xy01,trap2,CFP
65,VIP_Cd,EXP2,xy01,trap3,VIP
66,VIP_Cd,EXP2,xy01,trap4,CFP
67,VIP_Cd,EXP2,xy01,trap5,VIP
68,VIP_Cd,EXP2,xy01,trap6,CFP
69,VIP_Cd,EXP2,xy01,trap7,VIP
70,VIP_Cd,EXP2,xy01,trap8,CFP
71,VIP_Cd,EXP2,xy01,trap9,VIP
72,VIP_Cd,EXP2,xy01,trap10,VIP
73,VIP_Cd,EXP2,xy02,trap1,VIP
74,VIP_Cd,EXP2,xy02,trap2,VIP
75,VIP_Cd,EXP2,xy02,trap3,CFP
76,VIP_Cd,EXP2,xy02,trap4,VIP
77,VIP_Cd,EXP2,xy02,trap5,VIP
78,VIP_Cd,EXP2,xy02,trap6,VIP
79,VIP_Cd,EXP2,xy02,trap7,CFP
80,VIP_Cd,EXP2,xy02,trap8,CFP
81,VIP_Cd,EXP2,xy02,trap9,CFP
82,VIP_Cd,EXP2,xy02,trap10,CFP
83,VIP_Cd,EXP2,xy02,trap11,VIP
84,VIP_Cd,EXP2,xy02,trap12,CFP
85,VIP_Cd,EXP2,xy02,trap13,CFP
86,VIP_Cd,EXP2,xy03,trap1,VIP
87,VIP_Cd,EXP2,xy03,trap2,VIP
88,VIP_Cd,EXP2,xy03,trap3,CFP
89,VIP_Cd,EXP2,xy03,trap4,CFP
90,VIP_Cd,EXP2,xy03,trap5,VIP
91,VIP_Cd,EXP2,xy03,trap6,VIP
92,VIP_Cd,EXP2,xy03,trap7,VIP
93,VIP_Cd,EXP2,xy03,trap8,CFP
94,VIP_Cd,EXP2,xy03,trap9,VIP
95,VIP_Cd,EXP2,xy03,trap10,VIP
96,VIP_Cd,EXP2,xy03,trap11,VIP
97,VIP_Cd,EXP2,xy03,trap12,CFP
98,VIP_Cd,EXP2,xy03,trap13,CFP
99,VIP_Cd,EXP2,xy04,trap1,VIP
100,VIP_Cd,EXP2,xy04,trap2,VIP
101,VIP_Cd,EXP2,xy04,trap3,CFP
102,VIP_Cd,EXP2,xy04,trap4,VIP
103,VIP_Cd,EXP2,xy04,trap5,CFP
104,VIP_Cd,EXP2,xy04,trap6,VIP
105,VIP_Cd,EXP2,xy04,trap7,VIP
106,VIP_Cd,EXP2,xy04,trap8,CFP
107,VIP_Cd,EXP2,xy04,trap9,VIP
108,VIP_Cd,EXP2,xy04,trap10,VIP
109,VIP_Cd,EXP2,xy04,trap11,VIP
110,VIP_Cd,EXP2,xy04,trap12,VIP
111,VIP_Cd,EXP2,xy04,trap13,VIP
112,VIP_Cd,EXP2,xy04,trap14,CFP
113,VIP_Cd,EXP2,xy05,trap1,VIP
114,VIP_Cd,EXP2,xy05,trap2,CFP
115,VIP_Cd,EXP2,xy05,trap3,VIP
116,VIP_Cd,EXP2,xy05,trap4,VIP
117,VIP_Cd,EXP2,xy05,trap5,CFP
118,VIP_Cd,EXP2,xy05,trap6,VIP
119,VIP_Cd,EXP2,xy05,trap7,VIP
120,VIP_Cd,EXP2,xy05,trap8,VIP
121,VIP_Cd,EXP2,xy05,trap9,CFP
122,VIP_Cd,EXP2,xy05,trap10,VIP
123,VIP_Cd,EXP2,xy05,trap11,VIP
124,VIP_Cd,EXP2,xy05,trap12,CFP
125,VIP_Cd,EXP2,xy05,trap13,VIP
126,VIP_Cd,EXP2,xy05,trap14,CFP
127,VIP_Cd,EXP2,xy06,trap1,VIP
128,VIP_Cd,EXP2,xy06,trap2,VIP
129,VIP_Cd,EXP2,xy06,trap3,VIP
130,VIP_Cd,EXP2,xy06,trap4,CFP
131,VIP_Cd,EXP2,xy06,trap5,VIP
132,VIP_Cd,EXP2,xy06,trap6,CFP
133,VIP_Cd,EXP2,xy06,trap7,VIP
134,VIP_Cd,EXP2,xy06,trap8,VIP
135,VIP_Cd,EXP2,xy06,trap9,CFP
136,VIP_Cd,EXP2,xy06,trap10,VIP
137,VIP_Cd,EXP2,xy06,trap11,VIP
138,VIP_Cd,EXP2,xy06,trap12,VIP
139,VIP_Cd,EXP2,xy07,trap1,VIP
140,VIP_Cd,EXP2,xy07,trap2,VIP
141,VIP_Cd,EXP2,xy07,trap3,CFP
142,VIP_Cd,EXP2,xy07,trap4,VIP
143,VIP_Cd,EXP2,xy07,trap5,CFP
144,VIP_Cd,EXP2,xy07,trap6,VIP
145,VIP_Cd,EXP2,xy08,trap1,CFP
146,VIP_Cd,EXP2,xy08,trap2,VIP
147,VIP_Cd,EXP2,xy08,trap3,VIP
148,VIP_Cd,EXP2,xy08,trap4,VIP
149,VIP_Cd,EXP2,xy08,trap5,VIP
150,VIP_Cd,EXP2,xy08,trap6,VIP
151,VIP_Cd,EXP2,xy08,trap7,VIP
152,VIP_Cd,EXP2,xy08,trap8,VIP
153,VIP_Cd,EXP2,xy08,trap9,VIP
154,VIP_Cd,EXP2,xy08,trap10,CFP
155,VIP_Cd,EXP2,xy09,trap1,VIP
156,VIP_Cd,EXP2,xy09,trap2,CFP
157,VIP_Cd,EXP2,xy09,trap3,VIP
158,VIP_Cd,EXP2,xy09,trap4,VIP
159,VIP_Cd,EXP2,xy09,trap5,CFP
160,VIP_Cd,EXP2,xy09,trap6,CFP
161,VIP_Cd,EXP2,xy09,trap7,VIP
162,VIP_Cd,EXP2,xy09,trap8,CFP
163,VIP_Cd,EXP2,xy09,trap9,VIP
164,VIP_Cd,EXP2,xy09,trap10,VIP
165,VIP_Cd,EXP2,xy09,trap11,VIP
166,VIP_Cd,EXP2,xy10,trap1,CFP
167,VIP_Cd,EXP2,xy10,trap2,VIP
168,VIP_Cd,EXP2,xy10,trap3,VIP
169,VIP_Cd,EXP2,xy10,trap4,CFP
170,VIP_Cd,EXP2,xy10,trap5,VIP
171,VIP_Cd,EXP2,xy10,trap6,VIP
172,VIP_Cd,EXP2,xy10,trap7,VIP
173,VIP_Cd,EXP2,xy10,trap8,VIP
174,VIP_Cd,EXP2,xy10,trap9,VIP
175,VIP_Cd,EXP2,xy10,trap10,VIP
176,VIP_Cd,EXP2,xy11,trap1,VIP
177,VIP_Cd,EXP2,xy11,trap2,VIP
178,VIP_Cd,EXP2,xy11,trap3,CFP
179,VIP_Cd,EXP2,xy11,trap4,VIP
180,VIP_Cd,EXP2,xy11,trap5,VIP
181,VIP_Cd,EXP2,xy11,trap6,VIP
182,VIP_Cd,EXP2,xy11,trap7,VIP
183,VIP_Cd,EXP2,xy11,trap8,CFP
184,VIP_Cd,EXP2,xy11,trap9,VIP
185,VIP_Cd,EXP2,xy11,trap10,CFP
186,VIP_Cd,EXP2,xy12,trap1,VIP
187,VIP_Cd,EXP2,xy12,trap2,VIP
188,VIP_Cd,EXP2,xy12,trap3,CFP
189,VIP_Cd,EXP2,xy12,trap4,CFP
190,VIP_Cd,EXP2,xy12,trap5,VIP
191,VIP_Cd,EXP2,xy12,trap6,VIP
192,VIP_Cd,EXP2,xy12,trap7,CFP
193,VIP_Cd,EXP2,xy12,trap8,VIP
194,VIP_Cd,EXP2,xy12,trap9,VIP
195,VIP_Cd,EXP2,xy12,trap10,VIP
196,VIP_Cd,EXP2,xy13,trap1,VIP
197,VIP_Cd,EXP2,xy13,trap2,VIP
198,VIP_Cd,EXP2,xy13,trap3,VIP
199,VIP_Cd,EXP2,xy13,trap4,VIP
200,VIP_Cd,EXP2,xy13,trap5,CFP
201,VIP_Cd,EXP2,xy13,trap6,CFP
202,VIP_Cd,EXP2,xy13,trap7,VIP
203,VIP_Cd,EXP2,xy13,trap8,VIP
204,VIP_Cd,EXP2,xy13,trap9,CFP
205,VIP_Cd,EXP2,xy13,trap10,VIP
206,VIP_Cd,EXP2,xy14,trap1,VIP
207,VIP_Cd,EXP2,xy14,trap2,CFP
208,VIP_Cd,EXP2,xy14,trap3,VIP
209,VIP_Cd,EXP2,xy14,trap4,CFP
210,VIP_Cd,EXP2,xy14,trap5,VIP
211,VIP_Cd,EXP2,xy14,trap6,VIP
212,VIP_Cd,EXP2,xy14,trap7,VIP
213,VIP_Cd,EXP2,xy14,trap8,VIP
214,VIP_Cd,EXP2,xy14,trap9,VIP
215,VIP_Cd,EXP2,xy14,trap10,VIP
216,VIP_Cd,EXP2,xy14,trap11,VIP
217,VIP_Cd,EXP2,xy15,trap1,VIP
218,VIP_Cd,EXP2,xy15,trap2,VIP
219,VIP_Cd,EXP2,xy15,trap3,VIP
220,VIP_Cd,EXP2,xy15,trap4,VIP
221,VIP_Cd,EXP2,xy15,trap5,VIP
222,VIP_Cd,EXP2,xy15,trap6,VIP
223,VIP_Cd,EXP2,xy15,trap7,CFP
224,VIP_Cd,EXP2,xy15,trap8,VIP
225,VIP_Cd,EXP2,xy15,trap9,CFP
226,VIP_Cd,EXP2,xy15,trap10,VIP
227,VIP_Cd,EXP2,xy16,trap1,VIP
228,VIP_Cd,EXP2,xy16,trap2,VIP
229,VIP_Cd,EXP2,xy16,trap3,VIP
230,VIP_Cd,EXP2,xy16,trap4,VIP
231,VIP_Cd,EXP2,xy16,trap5,VIP
232,VIP_Cd,EXP2,xy16,trap6,VIP
233,VIP_Cd,EXP2,xy16,trap7,VIP
234,VIP_Cd,EXP2,xy17,trap1,VIP
235,VIP_Cd,EXP2,xy17,trap2,VIP
236,VIP_Cd,EXP2,xy18,trap1,VIP
237,VIP_Cd,EXP2,xy18,trap2,VIP
238,VIP_Cd,EXP2,xy18,trap3,VIP
239,VIP_Cd,EXP2,xy19,trap1,CFP
240,VIP_Cd,EXP2,xy19,trap2,CFP
241,VIP_Cd,EXP2,xy19,trap3,VIP
242,VIP_Cd,EXP2,xy20,trap1,VIP
243,VIP_Cd,EXP2,xy20,trap2,CFP
244,VIP_Cd,EXP2,xy20,trap3,CFP
245,VIP_Cd,EXP2,xy21,trap1,CFP
246,VIP_Cd,EXP2,xy21,trap2,CFP
247,VIP_Cd,EXP2,xy21,trap3,VIP
248,VIP_Cd,EXP2,xy21,trap4,VIP
249,VIP_Cd,EXP2,xy21,trap5,CFP
250,VIP_Cd,EXP2,xy22,trap1,VIP
251,VIP_Cd,EXP2,xy22,trap2,CFP
252,VIP_Cd,EXP2,xy22,trap3,VIP
253,VIP_Cd,EXP2,xy22,trap4,CFP
254,VIP_Cd,EXP2,xy22,trap5,VIP
255,VIP_Cd,EXP2,xy22,trap6,CFP
256,VIP_Cd,EXP2,xy22,trap7,VIP
257,VIP_Cd,EXP2,xy23,trap1,VIP
258,VIP_Cd,EXP2,xy23,trap2,VIP
259,VIP_Cd,EXP2,xy23,trap3,CFP
260,VIP_Cd,EXP2,xy23,trap4,VIP
261,VIP_Cd,EXP2,xy23,trap5,CFP
262,VIP_Cd,EXP2,xy23,trap6,CFP
263,VIP_Cd,EXP2,xy23,trap7,VIP
264,VIP_Cd,EXP2,xy23,trap8,CFP
265,VIP_Cd,EXP2,xy23,trap9,VIP
266,VIP_Cd,EXP2,xy24,trap1,VIP
267,VIP_Cd,EXP2,xy24,trap2,CFP
268,VIP_Cd,EXP2,xy24,trap3,CFP
269,VIP_Cd,EXP2,xy24,trap4,VIP
270,VIP_Cd,EXP2,xy25,trap1,CFP
271,VIP_Cd,EXP2,xy25,trap2,VIP
272,VIP_Cd,EXP2,xy25,trap3,VIP
273,VIP_Cd,EXP2,xy25,trap4,CFP
274,VIP_Cd,EXP2,xy25,trap5,CFP
275,VIP_Cd,EXP2,xy25,trap6,CFP
276,VIP_Cd,EXP2,xy25,trap7,VIP
277,VIP_Cd,EXP2,xy26,trap1,CFP
278,VIP_Cd,EXP2,xy26,trap2,CFP
279,VIP_Cd,EXP2,xy26,trap3,VIP
280,VIP_Cd,EXP2,xy26,trap4,VIP
281,VIP_Cd,EXP2,xy26,trap5,CFP
282,VIP_Cd,EXP2,xy27,trap1,VIP
283,VIP_Cd,EXP2,xy27,trap2,VIP
284,VIP_Cd,EXP2,xy27,trap3,VIP
285,VIP_Cd,EXP2,xy27,trap4,CFP
286,VIP_Cd,EXP2,xy28,trap1,VIP
287,VIP_Cd,EXP2,xy28,trap2,VIP
288,VIP_Cd,EXP2,xy28,trap3,VIP
289,VIP_Cd,EXP2,xy28,trap4,VIP
290,VIP_Cd,EXP3,xy01,trap1,CFP
291,VIP_Cd,EXP3,xy01,trap2,VIP
292,VIP_Cd,EXP3,xy01,trap3,VIP
293,VIP_Cd,EXP3,xy01,trap4,VIP
294,VIP_Cd,EXP3,xy01,trap5,VIP
295,VIP_Cd,EXP3,xy01,trap6,VIP
296,VIP_Cd,EXP3,xy01,trap7,VIP
297,VIP_Cd,EXP3,xy01,trap8,VIP
298,VIP_Cd,EXP3,xy01,trap9,VIP
299,VIP_Cd,EXP3,xy01,trap10,VIP
300,VIP_Cd,EXP3,xy01,trap11,VIP
301,VIP_Cd,EXP3,xy01,trap12,VIP
302,VIP_Cd,EXP3,xy01,trap13,VIP
303,VIP_Cd,EXP3,xy02,trap1,VIP
304,VIP_Cd,EXP3,xy02,trap2,VIP
305,VIP_Cd,EXP3,xy02,trap3,CFP
306,VIP_Cd,EXP3,xy02,trap4,CFP
307,VIP_Cd,EXP3,xy02,trap5,VIP
308,VIP_Cd,EXP3,xy02,trap6,CFP
309,VIP_Cd,EXP3,xy02,trap7,VIP
310,VIP_Cd,EXP3,xy02,trap8,VIP
311,VIP_Cd,EXP3,xy02,trap9,VIP
312,VIP_Cd,EXP3,xy02,trap10,VIP
313,VIP_Cd,EXP3,xy03,trap1,CFP
314,VIP_Cd,EXP3,xy03,trap2,CFP
315,VIP_Cd,EXP3,xy03,trap3,VIP
316,VIP_Cd,EXP3,xy03,trap4,VIP
317,VIP_Cd,EXP3,xy03,trap5,VIP
318,VIP_Cd,EXP3,xy03,trap6,VIP
319,VIP_Cd,EXP3,xy03,trap7,VIP
320,VIP_Cd,EXP3,xy03,trap8,VIP
321,VIP_Cd,EXP3,xy03,trap9,VIP
322,VIP_Cd,EXP3,xy04,trap1,VIP
323,VIP_Cd,EXP3,xy04,trap2,VIP
324,VIP_Cd,EXP3,xy04,trap3,VIP
325,VIP_Cd,EXP3,xy04,trap4,VIP
326,VIP_Cd,EXP3,xy04,trap5,VIP
327,VIP_Cd,EXP3,xy04,trap6,VIP
328,VIP_Cd,EXP3,xy04,trap7,CFP
329,VIP_Cd,EXP3,xy04,trap8,CFP
330,VIP_Cd,EXP3,xy04,trap9,VIP
331,VIP_Cd,EXP3,xy05,trap1,VIP
332,VIP_Cd,EXP3,xy05,trap2,VIP
333,VIP_Cd,EXP3,xy05,trap3,VIP
334,VIP_Cd,EXP3,xy05,trap4,VIP
335,VIP_Cd,EXP3,xy05,trap5,VIP
336,VIP_Cd,EXP3,xy05,trap6,VIP
337,VIP_Cd,EXP3,xy06,trap1,CFP
338,VIP_Cd,EXP3,xy06,trap2,VIP
339,VIP_Cd,EXP3,xy06,trap3,VIP
340,VIP_Cd,EXP3,xy06,trap4,VIP
341,VIP_Cd,EXP3,xy06,trap5,VIP
342,VIP_Cd,EXP3,xy06,trap6,CFP
343,VIP_Cd,EXP3,xy06,trap7,CFP
344,VIP_Cd,EXP3,xy06,trap8,VIP
345,VIP_Cd,EXP3,xy06,trap9,VIP
346,VIP_Cd,EXP3,xy06,trap10,CFP
347,VIP_Cd,EXP3,xy06,trap11,CFP
348,VIP_Cd,EXP3,xy06,trap12,VIP
349,VIP_Cd,EXP3,xy07,trap1,CFP
350,VIP_Cd,EXP3,xy07,trap2,CFP
351,VIP_Cd,EXP3,xy07,trap3,VIP
352,VIP_Cd,EXP3,xy07,trap4,CFP
353,VIP_Cd,EXP3,xy07,trap5,CFP
354,VIP_Cd,EXP3,xy07,trap6,VIP
355,VIP_Cd,EXP3,xy07,trap7,VIP
356,VIP_Cd,EXP3,xy07,trap8,VIP
357,VIP_Cd,EXP3,xy07,trap9,VIP
358,VIP_Cd,EXP3,xy07,trap10,CFP
359,VIP_Cd,EXP3,xy07,trap11,CFP
360,VIP_Cd,EXP3,xy07,trap12,VIP
361,VIP_Cd,EXP3,xy08,trap1,CFP
362,VIP_Cd,EXP3,xy08,trap2,CFP
363,VIP_Cd,EXP3,xy08,trap3,VIP
364,VIP_Cd,EXP3,xy08,trap4,CFP
365,VIP_Cd,EXP3,xy08,trap5,VIP
366,VIP_Cd,EXP3,xy08,trap6,VIP
367,VIP_Cd,EXP3,xy08,trap7,VIP
368,VIP_Cd,EXP3,xy08,trap8,VIP
369,VIP_Cd,EXP3,xy08,trap9,CFP
370,VIP_Cd,EXP3,xy08,trap10,CFP
371,VIP_Cd,EXP3,xy08,trap11,VIP
372,VIP_Cd,EXP3,xy08,trap12,CFP
373,VIP_Cd,EXP3,xy09,trap1,VIP
374,VIP_Cd,EXP3,xy09,trap2,CFP
375,VIP_Cd,EXP3,xy09,trap3,VIP
376,VIP_Cd,EXP3,xy09,trap4,VIP
377,VIP_Cd,EXP3,xy09,trap5,VIP
378,VIP_Cd,EXP3,xy09,trap6,VIP
379,VIP_Cd,EXP3,xy09,trap7,VIP
380,VIP_Cd,EXP3,xy09,trap8,CFP
381,VIP_Cd,EXP3,xy09,trap9,CFP
382,VIP_Cd,EXP3,xy09,trap10,CFP
383,VIP_Cd,EXP3,xy09,trap11,VIP
384,VIP_Cd,EXP3,xy09,trap12,VIP
385,VIP_Cd,EXP3,xy09,trap13,VIP
386,VIP_Cd,EXP3,xy10,trap1,CFP
387,VIP_Cd,EXP3,xy10,trap2,VIP
388,VIP_Cd,EXP3,xy10,trap3,CFP
389,VIP_Cd,EXP3,xy10,trap4,VIP
390,VIP_Cd,EXP3,xy10,trap5,CFP
391,VIP_Cd,EXP3,xy10,trap6,VIP
392,VIP_Cd,EXP3,xy10,trap7,VIP
393,VIP_Cd,EXP3,xy10,trap8,VIP
394,VIP_Cd,EXP3,xy10,trap9,VIP
395,VIP_Cd,EXP3,xy10,trap10,VIP
396,VIP_Cd,EXP3,xy10,trap11,CFP
397,VIP_Cd,EXP3,xy10,trap12,VIP
398,VIP_Cd,EXP3,xy10,trap13,VIP
399,VIP_Cd,EXP3,xy11,trap1,VIP
400,VIP_Cd,EXP3,xy11,trap2,VIP
401,VIP_Cd,EXP3,xy11,trap3,VIP
402,VIP_Cd,EXP3,xy11,trap4,VIP
403,VIP_Cd,EXP3,xy11,trap5,CFP
404,VIP_Cd,EXP3,xy11,trap6,VIP
405,VIP_Cd,EXP3,xy11,trap7,VIP
406,VIP_Cd,EXP3,xy11,trap8,VIP
407,VIP_Cd,EXP3,xy11,trap9,VIP
408,VIP_Cd,EXP3,xy11,trap10,VIP
409,VIP_Cd,EXP3,xy11,trap11,VIP
410,VIP_Cd,EXP3,xy11,trap12,CFP
411,VIP_Cd,EXP3,xy11,trap13,VIP
412,VIP_Cd,EXP3,xy13,trap1,CFP
413,VIP_Cd,EXP3,xy13,trap2,CFP
414,VIP_Cd,EXP3,xy13,trap3,CFP
415,VIP_Cd,EXP3,xy13,trap4,VIP
416,VIP_Cd,EXP3,xy13,trap5,VIP
417,VIP_Cd,EXP3,xy13,trap6,VIP
418,VIP_Cd,EXP3,xy13,trap7,VIP
419,VIP_Cd,EXP3,xy13,trap8,VIP
420,VIP_Cd,EXP3,xy13,trap9,CFP
421,VIP_Cd,EXP3,xy13,trap10,VIP
422,VIP_Cd,EXP3,xy13,trap11,VIP
423,VIP_Cd,EXP3,xy13,trap12,VIP
424,VIP_Cd,EXP3,xy14,trap1,VIP
425,VIP_Cd,EXP3,xy14,trap2,VIP
426,VIP_Cd,EXP3,xy14,trap3,CFP
427,VIP_Cd,EXP3,xy14,trap4,VIP
428,VIP_Cd,EXP3,xy14,trap5,VIP
429,VIP_Cd,EXP3,xy14,trap6,VIP
430,VIP_Cd,EXP3,xy14,trap7,VIP
431,VIP_Cd,EXP3,xy14,trap8,VIP
432,VIP_Cd,EXP3,xy14,trap9,VIP
433,VIP_Cd,EXP3,xy14,trap10,CFP
434,VIP_Cd,EXP3,xy15,trap1,CFP
435,VIP_Cd,EXP3,xy15,trap2,VIP
436,VIP_Cd,EXP3,xy15,trap3,VIP
437,VIP_Cd,EXP3,xy15,trap4,VIP
438,VIP_Cd,EXP3,xy17,trap1,CFP
439,VIP_Cd,EXP3,xy17,trap2,VIP
440,VIP_Cd,EXP3,xy17,trap3,VIP
441,VIP_Cd,EXP3,xy19,trap1,VIP
442,VIP_Cd,EXP3,xy19,trap2,VIP
443,VIP_Cd,EXP3,xy28,trap1,VIP
444,VIP_Cd,EXP3,xy28,trap2,VIP
445,VIP_Cd,EXP3,xy28,trap3,CFP