time,replicate,stress,dose,units,strain,OD_value
0,rep1,AMP,0,ug/mL,MC1061,0.087
0,rep2,AMP,0,ug/mL,MC1061,0.085
0,rep3,AMP,0,ug/mL,MC1061,0.083
0.3333333333,rep1,AMP,0,ug/mL,MC1061,0.085
0.3333333333,rep2,AMP,0,ug/mL,MC1061,0.083
0.3333333333,rep3,AMP,0,ug/mL,MC1061,0.082
0.6666666667,rep1,AMP,0,ug/mL,MC1061,0.092
0.6666666667,rep2,AMP,0,ug/mL,MC1061,0.089
0.6666666667,rep3,AMP,0,ug/mL,MC1061,0.088
1,rep1,AMP,0,ug/mL,MC1061,0.096
1,rep2,AMP,0,ug/mL,MC1061,0.092
1,rep3,AMP,0,ug/mL,MC1061,0.091
1.333333333,rep1,AMP,0,ug/mL,MC1061,0.112
1.333333333,rep2,AMP,0,ug/mL,MC1061,0.103
1.333333333,rep3,AMP,0,ug/mL,MC1061,0.105
1.666666667,rep1,AMP,0,ug/mL,MC1061,0.154
1.666666667,rep2,AMP,0,ug/mL,MC1061,0.127
1.666666667,rep3,AMP,0,ug/mL,MC1061,0.131
2,rep1,AMP,0,ug/mL,MC1061,0.24
2,rep2,AMP,0,ug/mL,MC1061,0.2
2,rep3,AMP,0,ug/mL,MC1061,0.207
2.333333333,rep1,AMP,0,ug/mL,MC1061,0.334
2.333333333,rep2,AMP,0,ug/mL,MC1061,0.271
2.333333333,rep3,AMP,0,ug/mL,MC1061,0.295
2.666666667,rep1,AMP,0,ug/mL,MC1061,0.474
2.666666667,rep2,AMP,0,ug/mL,MC1061,0.4
2.666666667,rep3,AMP,0,ug/mL,MC1061,0.417
3,rep1,AMP,0,ug/mL,MC1061,0.563
3,rep2,AMP,0,ug/mL,MC1061,0.526
3,rep3,AMP,0,ug/mL,MC1061,0.529
3.333333333,rep1,AMP,0,ug/mL,MC1061,0.615
3.333333333,rep2,AMP,0,ug/mL,MC1061,0.584
3.333333333,rep3,AMP,0,ug/mL,MC1061,0.593
3.666666667,rep1,AMP,0,ug/mL,MC1061,0.622
3.666666667,rep2,AMP,0,ug/mL,MC1061,0.624
3.666666667,rep3,AMP,0,ug/mL,MC1061,0.622
4,rep1,AMP,0,ug/mL,MC1061,0.628
4,rep2,AMP,0,ug/mL,MC1061,0.657
4,rep3,AMP,0,ug/mL,MC1061,0.643
4.333333333,rep1,AMP,0,ug/mL,MC1061,0.653
4.333333333,rep2,AMP,0,ug/mL,MC1061,0.669
4.333333333,rep3,AMP,0,ug/mL,MC1061,0.675
4.666666667,rep1,AMP,0,ug/mL,MC1061,0.471
4.666666667,rep2,AMP,0,ug/mL,MC1061,0.69
4.666666667,rep3,AMP,0,ug/mL,MC1061,0.676
5,rep1,AMP,0,ug/mL,MC1061,0.519
5,rep2,AMP,0,ug/mL,MC1061,0.521
5,rep3,AMP,0,ug/mL,MC1061,0.517
5.333333333,rep1,AMP,0,ug/mL,MC1061,0.566
5.333333333,rep2,AMP,0,ug/mL,MC1061,0.564
5.333333333,rep3,AMP,0,ug/mL,MC1061,0.559
5.666666667,rep1,AMP,0,ug/mL,MC1061,0.568
5.666666667,rep2,AMP,0,ug/mL,MC1061,0.573
5.666666667,rep3,AMP,0,ug/mL,MC1061,0.576
6,rep1,AMP,0,ug/mL,MC1061,0.574
6,rep2,AMP,0,ug/mL,MC1061,0.581
6,rep3,AMP,0,ug/mL,MC1061,0.578
6.333333333,rep1,AMP,0,ug/mL,MC1061,0.575
6.333333333,rep2,AMP,0,ug/mL,MC1061,0.596
6.333333333,rep3,AMP,0,ug/mL,MC1061,0.582
6.666666667,rep1,AMP,0,ug/mL,MC1061,0.576
6.666666667,rep2,AMP,0,ug/mL,MC1061,0.599
6.666666667,rep3,AMP,0,ug/mL,MC1061,0.582
7,rep1,AMP,0,ug/mL,MC1061,0.572
7,rep2,AMP,0,ug/mL,MC1061,0.593
7,rep3,AMP,0,ug/mL,MC1061,0.582
7.333333333,rep1,AMP,0,ug/mL,MC1061,0.576
7.333333333,rep2,AMP,0,ug/mL,MC1061,0.596
7.333333333,rep3,AMP,0,ug/mL,MC1061,0.579
7.666666667,rep1,AMP,0,ug/mL,MC1061,0.579
7.666666667,rep2,AMP,0,ug/mL,MC1061,0.597
7.666666667,rep3,AMP,0,ug/mL,MC1061,0.574
8,rep1,AMP,0,ug/mL,MC1061,0.581
8,rep2,AMP,0,ug/mL,MC1061,0.599
8,rep3,AMP,0,ug/mL,MC1061,0.568
8.333333333,rep1,AMP,0,ug/mL,MC1061,0.582
8.333333333,rep2,AMP,0,ug/mL,MC1061,0.597
8.333333333,rep3,AMP,0,ug/mL,MC1061,0.561
8.666666667,rep1,AMP,0,ug/mL,MC1061,0.583
8.666666667,rep2,AMP,0,ug/mL,MC1061,0.598
8.666666667,rep3,AMP,0,ug/mL,MC1061,0.555
9,rep1,AMP,0,ug/mL,MC1061,0.582
9,rep2,AMP,0,ug/mL,MC1061,0.598
9,rep3,AMP,0,ug/mL,MC1061,0.549
9.333333333,rep1,AMP,0,ug/mL,MC1061,0.578
9.333333333,rep2,AMP,0,ug/mL,MC1061,0.594
9.333333333,rep3,AMP,0,ug/mL,MC1061,0.544
9.666666667,rep1,AMP,0,ug/mL,MC1061,0.576
9.666666667,rep2,AMP,0,ug/mL,MC1061,0.593
9.666666667,rep3,AMP,0,ug/mL,MC1061,0.539
10,rep1,AMP,0,ug/mL,MC1061,0.573
10,rep2,AMP,0,ug/mL,MC1061,0.587
10,rep3,AMP,0,ug/mL,MC1061,0.536
10.33333333,rep1,AMP,0,ug/mL,MC1061,0.57
10.33333333,rep2,AMP,0,ug/mL,MC1061,0.585
10.33333333,rep3,AMP,0,ug/mL,MC1061,0.534
10.66666667,rep1,AMP,0,ug/mL,MC1061,0.567
10.66666667,rep2,AMP,0,ug/mL,MC1061,0.581
10.66666667,rep3,AMP,0,ug/mL,MC1061,0.533
11,rep1,AMP,0,ug/mL,MC1061,0.565
11,rep2,AMP,0,ug/mL,MC1061,0.578
11,rep3,AMP,0,ug/mL,MC1061,0.533
11.33333333,rep1,AMP,0,ug/mL,MC1061,0.564
11.33333333,rep2,AMP,0,ug/mL,MC1061,0.574
11.33333333,rep3,AMP,0,ug/mL,MC1061,0.532
11.66666667,rep1,AMP,0,ug/mL,MC1061,0.562
11.66666667,rep2,AMP,0,ug/mL,MC1061,0.572
11.66666667,rep3,AMP,0,ug/mL,MC1061,0.532
12,rep1,AMP,0,ug/mL,MC1061,0.56
12,rep2,AMP,0,ug/mL,MC1061,0.569
12,rep3,AMP,0,ug/mL,MC1061,0.532
12.33333333,rep1,AMP,0,ug/mL,MC1061,0.554
12.33333333,rep2,AMP,0,ug/mL,MC1061,0.566
12.33333333,rep3,AMP,0,ug/mL,MC1061,0.533
12.66666667,rep1,AMP,0,ug/mL,MC1061,0.553
12.66666667,rep2,AMP,0,ug/mL,MC1061,0.563
12.66666667,rep3,AMP,0,ug/mL,MC1061,0.533
13,rep1,AMP,0,ug/mL,MC1061,0.55
13,rep2,AMP,0,ug/mL,MC1061,0.561
13,rep3,AMP,0,ug/mL,MC1061,0.534
13.33333333,rep1,AMP,0,ug/mL,MC1061,0.546
13.33333333,rep2,AMP,0,ug/mL,MC1061,0.559
13.33333333,rep3,AMP,0,ug/mL,MC1061,0.534
13.66666667,rep1,AMP,0,ug/mL,MC1061,0.545
13.66666667,rep2,AMP,0,ug/mL,MC1061,0.557
13.66666667,rep3,AMP,0,ug/mL,MC1061,0.535
14,rep1,AMP,0,ug/mL,MC1061,0.544
14,rep2,AMP,0,ug/mL,MC1061,0.555
14,rep3,AMP,0,ug/mL,MC1061,0.536
14.33333333,rep1,AMP,0,ug/mL,MC1061,0.543
14.33333333,rep2,AMP,0,ug/mL,MC1061,0.554
14.33333333,rep3,AMP,0,ug/mL,MC1061,0.538
14.66666667,rep1,AMP,0,ug/mL,MC1061,0.541
14.66666667,rep2,AMP,0,ug/mL,MC1061,0.553
14.66666667,rep3,AMP,0,ug/mL,MC1061,0.54
15,rep1,AMP,0,ug/mL,MC1061,0.541
15,rep2,AMP,0,ug/mL,MC1061,0.551
15,rep3,AMP,0,ug/mL,MC1061,0.542
15.33333333,rep1,AMP,0,ug/mL,MC1061,0.539
15.33333333,rep2,AMP,0,ug/mL,MC1061,0.551
15.33333333,rep3,AMP,0,ug/mL,MC1061,0.545
15.66666667,rep1,AMP,0,ug/mL,MC1061,0.539
15.66666667,rep2,AMP,0,ug/mL,MC1061,0.549
15.66666667,rep3,AMP,0,ug/mL,MC1061,0.548
16,rep1,AMP,0,ug/mL,MC1061,0.537
16,rep2,AMP,0,ug/mL,MC1061,0.548
16,rep3,AMP,0,ug/mL,MC1061,0.551
16.33333333,rep1,AMP,0,ug/mL,MC1061,0.536
16.33333333,rep2,AMP,0,ug/mL,MC1061,0.547
16.33333333,rep3,AMP,0,ug/mL,MC1061,0.553
16.66666667,rep1,AMP,0,ug/mL,MC1061,0.536
16.66666667,rep2,AMP,0,ug/mL,MC1061,0.546
16.66666667,rep3,AMP,0,ug/mL,MC1061,0.556
17,rep1,AMP,0,ug/mL,MC1061,0.534
17,rep2,AMP,0,ug/mL,MC1061,0.544
17,rep3,AMP,0,ug/mL,MC1061,0.56
17.33333333,rep1,AMP,0,ug/mL,MC1061,0.534
17.33333333,rep2,AMP,0,ug/mL,MC1061,0.543
17.33333333,rep3,AMP,0,ug/mL,MC1061,0.562
17.66666667,rep1,AMP,0,ug/mL,MC1061,0.533
17.66666667,rep2,AMP,0,ug/mL,MC1061,0.542
17.66666667,rep3,AMP,0,ug/mL,MC1061,0.565
18,rep1,AMP,0,ug/mL,MC1061,0.532
18,rep2,AMP,0,ug/mL,MC1061,0.54
18,rep3,AMP,0,ug/mL,MC1061,0.569
18.33333333,rep1,AMP,0,ug/mL,MC1061,0.531
18.33333333,rep2,AMP,0,ug/mL,MC1061,0.539
18.33333333,rep3,AMP,0,ug/mL,MC1061,0.573
18.66666667,rep1,AMP,0,ug/mL,MC1061,0.529
18.66666667,rep2,AMP,0,ug/mL,MC1061,0.538
18.66666667,rep3,AMP,0,ug/mL,MC1061,0.576
19,rep1,AMP,0,ug/mL,MC1061,0.528
19,rep2,AMP,0,ug/mL,MC1061,0.537
19,rep3,AMP,0,ug/mL,MC1061,0.578
19.33333333,rep1,AMP,0,ug/mL,MC1061,0.526
19.33333333,rep2,AMP,0,ug/mL,MC1061,0.535
19.33333333,rep3,AMP,0,ug/mL,MC1061,0.58
19.66666667,rep1,AMP,0,ug/mL,MC1061,0.526
19.66666667,rep2,AMP,0,ug/mL,MC1061,0.534
19.66666667,rep3,AMP,0,ug/mL,MC1061,0.582
20,rep1,AMP,0,ug/mL,MC1061,0.524
20,rep2,AMP,0,ug/mL,MC1061,0.533
20,rep3,AMP,0,ug/mL,MC1061,0.583
0,rep1,Cd,0,mM,MC1061,0.085
0,rep2,Cd,0,mM,MC1061,0.085
0,rep3,Cd,0,mM,MC1061,0.083
0.3333333333,rep1,Cd,0,mM,MC1061,0.087
0.3333333333,rep2,Cd,0,mM,MC1061,0.087
0.3333333333,rep3,Cd,0,mM,MC1061,0.084
0.6666666667,rep1,Cd,0,mM,MC1061,0.093
0.6666666667,rep2,Cd,0,mM,MC1061,0.093
0.6666666667,rep3,Cd,0,mM,MC1061,0.09
1,rep1,Cd,0,mM,MC1061,0.099
1,rep2,Cd,0,mM,MC1061,0.101
1,rep3,Cd,0,mM,MC1061,0.092
1.333333333,rep1,Cd,0,mM,MC1061,0.12
1.333333333,rep2,Cd,0,mM,MC1061,0.125
1.333333333,rep3,Cd,0,mM,MC1061,0.11
1.666666667,rep1,Cd,0,mM,MC1061,0.168
1.666666667,rep2,Cd,0,mM,MC1061,0.185
1.666666667,rep3,Cd,0,mM,MC1061,0.145
2,rep1,Cd,0,mM,MC1061,0.25
2,rep2,Cd,0,mM,MC1061,0.266
2,rep3,Cd,0,mM,MC1061,0.234
2.333333333,rep1,Cd,0,mM,MC1061,0.36
2.333333333,rep2,Cd,0,mM,MC1061,0.397
2.333333333,rep3,Cd,0,mM,MC1061,0.292
2.666666667,rep1,Cd,0,mM,MC1061,0.487
2.666666667,rep2,Cd,0,mM,MC1061,0.516
2.666666667,rep3,Cd,0,mM,MC1061,0.445
3,rep1,Cd,0,mM,MC1061,0.588
3,rep2,Cd,0,mM,MC1061,0.596
3,rep3,Cd,0,mM,MC1061,0.539
3.333333333,rep1,Cd,0,mM,MC1061,0.625
3.333333333,rep2,Cd,0,mM,MC1061,0.621
3.333333333,rep3,Cd,0,mM,MC1061,0.597
3.666666667,rep1,Cd,0,mM,MC1061,0.634
3.666666667,rep2,Cd,0,mM,MC1061,0.637
3.666666667,rep3,Cd,0,mM,MC1061,0.63
4,rep1,Cd,0,mM,MC1061,0.647
4,rep2,Cd,0,mM,MC1061,0.649
4,rep3,Cd,0,mM,MC1061,0.67
4.333333333,rep1,Cd,0,mM,MC1061,0.597
4.333333333,rep2,Cd,0,mM,MC1061,0.504
4.333333333,rep3,Cd,0,mM,MC1061,0.53
4.666666667,rep1,Cd,0,mM,MC1061,0.553
4.666666667,rep2,Cd,0,mM,MC1061,0.575
4.666666667,rep3,Cd,0,mM,MC1061,0.594
5,rep1,Cd,0,mM,MC1061,0.593
5,rep2,Cd,0,mM,MC1061,0.595
5,rep3,Cd,0,mM,MC1061,0.615
5.333333333,rep1,Cd,0,mM,MC1061,0.608
5.333333333,rep2,Cd,0,mM,MC1061,0.599
5.333333333,rep3,Cd,0,mM,MC1061,0.617
5.666666667,rep1,Cd,0,mM,MC1061,0.613
5.666666667,rep2,Cd,0,mM,MC1061,0.602
5.666666667,rep3,Cd,0,mM,MC1061,0.617
6,rep1,Cd,0,mM,MC1061,0.612
6,rep2,Cd,0,mM,MC1061,0.601
6,rep3,Cd,0,mM,MC1061,0.619
6.333333333,rep1,Cd,0,mM,MC1061,0.613
6.333333333,rep2,Cd,0,mM,MC1061,0.603
6.333333333,rep3,Cd,0,mM,MC1061,0.614
6.666666667,rep1,Cd,0,mM,MC1061,0.609
6.666666667,rep2,Cd,0,mM,MC1061,0.594
6.666666667,rep3,Cd,0,mM,MC1061,0.615
7,rep1,Cd,0,mM,MC1061,0.608
7,rep2,Cd,0,mM,MC1061,0.597
7,rep3,Cd,0,mM,MC1061,0.613
7.333333333,rep1,Cd,0,mM,MC1061,0.611
7.333333333,rep2,Cd,0,mM,MC1061,0.599
7.333333333,rep3,Cd,0,mM,MC1061,0.617
7.666666667,rep1,Cd,0,mM,MC1061,0.614
7.666666667,rep2,Cd,0,mM,MC1061,0.601
7.666666667,rep3,Cd,0,mM,MC1061,0.618
8,rep1,Cd,0,mM,MC1061,0.615
8,rep2,Cd,0,mM,MC1061,0.602
8,rep3,Cd,0,mM,MC1061,0.619
8.333333333,rep1,Cd,0,mM,MC1061,0.614
8.333333333,rep2,Cd,0,mM,MC1061,0.602
8.333333333,rep3,Cd,0,mM,MC1061,0.617
8.666666667,rep1,Cd,0,mM,MC1061,0.615
8.666666667,rep2,Cd,0,mM,MC1061,0.602
8.666666667,rep3,Cd,0,mM,MC1061,0.616
9,rep1,Cd,0,mM,MC1061,0.614
9,rep2,Cd,0,mM,MC1061,0.602
9,rep3,Cd,0,mM,MC1061,0.613
9.333333333,rep1,Cd,0,mM,MC1061,0.613
9.333333333,rep2,Cd,0,mM,MC1061,0.6
9.333333333,rep3,Cd,0,mM,MC1061,0.611
9.666666667,rep1,Cd,0,mM,MC1061,0.61
9.666666667,rep2,Cd,0,mM,MC1061,0.599
9.666666667,rep3,Cd,0,mM,MC1061,0.608
10,rep1,Cd,0,mM,MC1061,0.609
10,rep2,Cd,0,mM,MC1061,0.596
10,rep3,Cd,0,mM,MC1061,0.605
10.33333333,rep1,Cd,0,mM,MC1061,0.606
10.33333333,rep2,Cd,0,mM,MC1061,0.593
10.33333333,rep3,Cd,0,mM,MC1061,0.601
10.66666667,rep1,Cd,0,mM,MC1061,0.604
10.66666667,rep2,Cd,0,mM,MC1061,0.59
10.66666667,rep3,Cd,0,mM,MC1061,0.6
11,rep1,Cd,0,mM,MC1061,0.6
11,rep2,Cd,0,mM,MC1061,0.587
11,rep3,Cd,0,mM,MC1061,0.596
11.33333333,rep1,Cd,0,mM,MC1061,0.597
11.33333333,rep2,Cd,0,mM,MC1061,0.584
11.33333333,rep3,Cd,0,mM,MC1061,0.594
11.66666667,rep1,Cd,0,mM,MC1061,0.595
11.66666667,rep2,Cd,0,mM,MC1061,0.582
11.66666667,rep3,Cd,0,mM,MC1061,0.592
12,rep1,Cd,0,mM,MC1061,0.592
12,rep2,Cd,0,mM,MC1061,0.58
12,rep3,Cd,0,mM,MC1061,0.59
12.33333333,rep1,Cd,0,mM,MC1061,0.59
12.33333333,rep2,Cd,0,mM,MC1061,0.577
12.33333333,rep3,Cd,0,mM,MC1061,0.587
12.66666667,rep1,Cd,0,mM,MC1061,0.588
12.66666667,rep2,Cd,0,mM,MC1061,0.573
12.66666667,rep3,Cd,0,mM,MC1061,0.586
13,rep1,Cd,0,mM,MC1061,0.586
13,rep2,Cd,0,mM,MC1061,0.571
13,rep3,Cd,0,mM,MC1061,0.584
13.33333333,rep1,Cd,0,mM,MC1061,0.583
13.33333333,rep2,Cd,0,mM,MC1061,0.569
13.33333333,rep3,Cd,0,mM,MC1061,0.582
13.66666667,rep1,Cd,0,mM,MC1061,0.581
13.66666667,rep2,Cd,0,mM,MC1061,0.567
13.66666667,rep3,Cd,0,mM,MC1061,0.58
14,rep1,Cd,0,mM,MC1061,0.58
14,rep2,Cd,0,mM,MC1061,0.565
14,rep3,Cd,0,mM,MC1061,0.579
14.33333333,rep1,Cd,0,mM,MC1061,0.579
14.33333333,rep2,Cd,0,mM,MC1061,0.564
14.33333333,rep3,Cd,0,mM,MC1061,0.578
14.66666667,rep1,Cd,0,mM,MC1061,0.578
14.66666667,rep2,Cd,0,mM,MC1061,0.563
14.66666667,rep3,Cd,0,mM,MC1061,0.576
15,rep1,Cd,0,mM,MC1061,0.577
15,rep2,Cd,0,mM,MC1061,0.562
15,rep3,Cd,0,mM,MC1061,0.575
15.33333333,rep1,Cd,0,mM,MC1061,0.577
15.33333333,rep2,Cd,0,mM,MC1061,0.56
15.33333333,rep3,Cd,0,mM,MC1061,0.575
15.66666667,rep1,Cd,0,mM,MC1061,0.576
15.66666667,rep2,Cd,0,mM,MC1061,0.56
15.66666667,rep3,Cd,0,mM,MC1061,0.574
16,rep1,Cd,0,mM,MC1061,0.575
16,rep2,Cd,0,mM,MC1061,0.558
16,rep3,Cd,0,mM,MC1061,0.573
16.33333333,rep1,Cd,0,mM,MC1061,0.574
16.33333333,rep2,Cd,0,mM,MC1061,0.558
16.33333333,rep3,Cd,0,mM,MC1061,0.572
16.66666667,rep1,Cd,0,mM,MC1061,0.573
16.66666667,rep2,Cd,0,mM,MC1061,0.555
16.66666667,rep3,Cd,0,mM,MC1061,0.571
17,rep1,Cd,0,mM,MC1061,0.572
17,rep2,Cd,0,mM,MC1061,0.555
17,rep3,Cd,0,mM,MC1061,0.57
17.33333333,rep1,Cd,0,mM,MC1061,0.572
17.33333333,rep2,Cd,0,mM,MC1061,0.553
17.33333333,rep3,Cd,0,mM,MC1061,0.569
17.66666667,rep1,Cd,0,mM,MC1061,0.57
17.66666667,rep2,Cd,0,mM,MC1061,0.552
17.66666667,rep3,Cd,0,mM,MC1061,0.568
18,rep1,Cd,0,mM,MC1061,0.569
18,rep2,Cd,0,mM,MC1061,0.551
18,rep3,Cd,0,mM,MC1061,0.568
18.33333333,rep1,Cd,0,mM,MC1061,0.568
18.33333333,rep2,Cd,0,mM,MC1061,0.55
18.33333333,rep3,Cd,0,mM,MC1061,0.567
18.66666667,rep1,Cd,0,mM,MC1061,0.567
18.66666667,rep2,Cd,0,mM,MC1061,0.548
18.66666667,rep3,Cd,0,mM,MC1061,0.566
19,rep1,Cd,0,mM,MC1061,0.565
19,rep2,Cd,0,mM,MC1061,0.548
19,rep3,Cd,0,mM,MC1061,0.566
19.33333333,rep1,Cd,0,mM,MC1061,0.564
19.33333333,rep2,Cd,0,mM,MC1061,0.545
19.33333333,rep3,Cd,0,mM,MC1061,0.565
19.66666667,rep1,Cd,0,mM,MC1061,0.562
19.66666667,rep2,Cd,0,mM,MC1061,0.543
19.66666667,rep3,Cd,0,mM,MC1061,0.564
20,rep1,Cd,0,mM,MC1061,0.561
20,rep2,Cd,0,mM,MC1061,0.543
20,rep3,Cd,0,mM,MC1061,0.563
0,rep1,AMP,0,ug/mL,MC-SCFP3A,0.082
0,rep2,AMP,0,ug/mL,MC-SCFP3A,0.084
0,rep3,AMP,0,ug/mL,MC-SCFP3A,0.086
0.3333333333,rep1,AMP,0,ug/mL,MC-SCFP3A,0.081
0.3333333333,rep2,AMP,0,ug/mL,MC-SCFP3A,0.083
0.3333333333,rep3,AMP,0,ug/mL,MC-SCFP3A,0.084
0.6666666667,rep1,AMP,0,ug/mL,MC-SCFP3A,0.083
0.6666666667,rep2,AMP,0,ug/mL,MC-SCFP3A,0.088
0.6666666667,rep3,AMP,0,ug/mL,MC-SCFP3A,0.09
1,rep1,AMP,0,ug/mL,MC-SCFP3A,0.087
1,rep2,AMP,0,ug/mL,MC-SCFP3A,0.093
1,rep3,AMP,0,ug/mL,MC-SCFP3A,0.094
1.333333333,rep1,AMP,0,ug/mL,MC-SCFP3A,0.094
1.333333333,rep2,AMP,0,ug/mL,MC-SCFP3A,0.105
1.333333333,rep3,AMP,0,ug/mL,MC-SCFP3A,0.111
1.666666667,rep1,AMP,0,ug/mL,MC-SCFP3A,0.117
1.666666667,rep2,AMP,0,ug/mL,MC-SCFP3A,0.139
1.666666667,rep3,AMP,0,ug/mL,MC-SCFP3A,0.151
2,rep1,AMP,0,ug/mL,MC-SCFP3A,0.148
2,rep2,AMP,0,ug/mL,MC-SCFP3A,0.21
2,rep3,AMP,0,ug/mL,MC-SCFP3A,0.236
2.333333333,rep1,AMP,0,ug/mL,MC-SCFP3A,0.235
2.333333333,rep2,AMP,0,ug/mL,MC-SCFP3A,0.27
2.333333333,rep3,AMP,0,ug/mL,MC-SCFP3A,0.339
2.666666667,rep1,AMP,0,ug/mL,MC-SCFP3A,0.279
2.666666667,rep2,AMP,0,ug/mL,MC-SCFP3A,0.402
2.666666667,rep3,AMP,0,ug/mL,MC-SCFP3A,0.486
3,rep1,AMP,0,ug/mL,MC-SCFP3A,0.451
3,rep2,AMP,0,ug/mL,MC-SCFP3A,0.508
3,rep3,AMP,0,ug/mL,MC-SCFP3A,0.575
3.333333333,rep1,AMP,0,ug/mL,MC-SCFP3A,0.564
3.333333333,rep2,AMP,0,ug/mL,MC-SCFP3A,0.603
3.333333333,rep3,AMP,0,ug/mL,MC-SCFP3A,0.623
3.666666667,rep1,AMP,0,ug/mL,MC-SCFP3A,0.623
3.666666667,rep2,AMP,0,ug/mL,MC-SCFP3A,0.633
3.666666667,rep3,AMP,0,ug/mL,MC-SCFP3A,0.642
4,rep1,AMP,0,ug/mL,MC-SCFP3A,0.656
4,rep2,AMP,0,ug/mL,MC-SCFP3A,0.641
4,rep3,AMP,0,ug/mL,MC-SCFP3A,0.644
4.333333333,rep1,AMP,0,ug/mL,MC-SCFP3A,0.658
4.333333333,rep2,AMP,0,ug/mL,MC-SCFP3A,0.634
4.333333333,rep3,AMP,0,ug/mL,MC-SCFP3A,0.65
4.666666667,rep1,AMP,0,ug/mL,MC-SCFP3A,0.658
4.666666667,rep2,AMP,0,ug/mL,MC-SCFP3A,0.646
4.666666667,rep3,AMP,0,ug/mL,MC-SCFP3A,0.51
5,rep1,AMP,0,ug/mL,MC-SCFP3A,0.546
5,rep2,AMP,0,ug/mL,MC-SCFP3A,0.584
5,rep3,AMP,0,ug/mL,MC-SCFP3A,0.547
5.333333333,rep1,AMP,0,ug/mL,MC-SCFP3A,0.542
5.333333333,rep2,AMP,0,ug/mL,MC-SCFP3A,0.627
5.333333333,rep3,AMP,0,ug/mL,MC-SCFP3A,0.583
5.666666667,rep1,AMP,0,ug/mL,MC-SCFP3A,0.573
5.666666667,rep2,AMP,0,ug/mL,MC-SCFP3A,0.574
5.666666667,rep3,AMP,0,ug/mL,MC-SCFP3A,0.596
6,rep1,AMP,0,ug/mL,MC-SCFP3A,0.594
6,rep2,AMP,0,ug/mL,MC-SCFP3A,0.585
6,rep3,AMP,0,ug/mL,MC-SCFP3A,0.603
6.333333333,rep1,AMP,0,ug/mL,MC-SCFP3A,0.605
6.333333333,rep2,AMP,0,ug/mL,MC-SCFP3A,0.582
6.333333333,rep3,AMP,0,ug/mL,MC-SCFP3A,0.603
6.666666667,rep1,AMP,0,ug/mL,MC-SCFP3A,0.623
6.666666667,rep2,AMP,0,ug/mL,MC-SCFP3A,0.584
6.666666667,rep3,AMP,0,ug/mL,MC-SCFP3A,0.603
7,rep1,AMP,0,ug/mL,MC-SCFP3A,0.63
7,rep2,AMP,0,ug/mL,MC-SCFP3A,0.582
7,rep3,AMP,0,ug/mL,MC-SCFP3A,0.608
7.333333333,rep1,AMP,0,ug/mL,MC-SCFP3A,0.639
7.333333333,rep2,AMP,0,ug/mL,MC-SCFP3A,0.582
7.333333333,rep3,AMP,0,ug/mL,MC-SCFP3A,0.616
7.666666667,rep1,AMP,0,ug/mL,MC-SCFP3A,0.649
7.666666667,rep2,AMP,0,ug/mL,MC-SCFP3A,0.578
7.666666667,rep3,AMP,0,ug/mL,MC-SCFP3A,0.62
8,rep1,AMP,0,ug/mL,MC-SCFP3A,0.654
8,rep2,AMP,0,ug/mL,MC-SCFP3A,0.572
8,rep3,AMP,0,ug/mL,MC-SCFP3A,0.621
8.333333333,rep1,AMP,0,ug/mL,MC-SCFP3A,0.662
8.333333333,rep2,AMP,0,ug/mL,MC-SCFP3A,0.565
8.333333333,rep3,AMP,0,ug/mL,MC-SCFP3A,0.621
8.666666667,rep1,AMP,0,ug/mL,MC-SCFP3A,0.665
8.666666667,rep2,AMP,0,ug/mL,MC-SCFP3A,0.559
8.666666667,rep3,AMP,0,ug/mL,MC-SCFP3A,0.62
9,rep1,AMP,0,ug/mL,MC-SCFP3A,0.663
9,rep2,AMP,0,ug/mL,MC-SCFP3A,0.553
9,rep3,AMP,0,ug/mL,MC-SCFP3A,0.617
9.333333333,rep1,AMP,0,ug/mL,MC-SCFP3A,0.664
9.333333333,rep2,AMP,0,ug/mL,MC-SCFP3A,0.549
9.333333333,rep3,AMP,0,ug/mL,MC-SCFP3A,0.61
9.666666667,rep1,AMP,0,ug/mL,MC-SCFP3A,0.667
9.666666667,rep2,AMP,0,ug/mL,MC-SCFP3A,0.546
9.666666667,rep3,AMP,0,ug/mL,MC-SCFP3A,0.605
10,rep1,AMP,0,ug/mL,MC-SCFP3A,0.66
10,rep2,AMP,0,ug/mL,MC-SCFP3A,0.543
10,rep3,AMP,0,ug/mL,MC-SCFP3A,0.599
10.33333333,rep1,AMP,0,ug/mL,MC-SCFP3A,0.661
10.33333333,rep2,AMP,0,ug/mL,MC-SCFP3A,0.541
10.33333333,rep3,AMP,0,ug/mL,MC-SCFP3A,0.593
10.66666667,rep1,AMP,0,ug/mL,MC-SCFP3A,0.656
10.66666667,rep2,AMP,0,ug/mL,MC-SCFP3A,0.54
10.66666667,rep3,AMP,0,ug/mL,MC-SCFP3A,0.588
11,rep1,AMP,0,ug/mL,MC-SCFP3A,0.652
11,rep2,AMP,0,ug/mL,MC-SCFP3A,0.539
11,rep3,AMP,0,ug/mL,MC-SCFP3A,0.582
11.33333333,rep1,AMP,0,ug/mL,MC-SCFP3A,0.647
11.33333333,rep2,AMP,0,ug/mL,MC-SCFP3A,0.538
11.33333333,rep3,AMP,0,ug/mL,MC-SCFP3A,0.578
11.66666667,rep1,AMP,0,ug/mL,MC-SCFP3A,0.643
11.66666667,rep2,AMP,0,ug/mL,MC-SCFP3A,0.537
11.66666667,rep3,AMP,0,ug/mL,MC-SCFP3A,0.573
12,rep1,AMP,0,ug/mL,MC-SCFP3A,0.635
12,rep2,AMP,0,ug/mL,MC-SCFP3A,0.537
12,rep3,AMP,0,ug/mL,MC-SCFP3A,0.57
12.33333333,rep1,AMP,0,ug/mL,MC-SCFP3A,0.629
12.33333333,rep2,AMP,0,ug/mL,MC-SCFP3A,0.536
12.33333333,rep3,AMP,0,ug/mL,MC-SCFP3A,0.566
12.66666667,rep1,AMP,0,ug/mL,MC-SCFP3A,0.625
12.66666667,rep2,AMP,0,ug/mL,MC-SCFP3A,0.535
12.66666667,rep3,AMP,0,ug/mL,MC-SCFP3A,0.563
13,rep1,AMP,0,ug/mL,MC-SCFP3A,0.621
13,rep2,AMP,0,ug/mL,MC-SCFP3A,0.534
13,rep3,AMP,0,ug/mL,MC-SCFP3A,0.559
13.33333333,rep1,AMP,0,ug/mL,MC-SCFP3A,0.614
13.33333333,rep2,AMP,0,ug/mL,MC-SCFP3A,0.534
13.33333333,rep3,AMP,0,ug/mL,MC-SCFP3A,0.557
13.66666667,rep1,AMP,0,ug/mL,MC-SCFP3A,0.607
13.66666667,rep2,AMP,0,ug/mL,MC-SCFP3A,0.533
13.66666667,rep3,AMP,0,ug/mL,MC-SCFP3A,0.555
14,rep1,AMP,0,ug/mL,MC-SCFP3A,0.607
14,rep2,AMP,0,ug/mL,MC-SCFP3A,0.533
14,rep3,AMP,0,ug/mL,MC-SCFP3A,0.551
14.33333333,rep1,AMP,0,ug/mL,MC-SCFP3A,0.598
14.33333333,rep2,AMP,0,ug/mL,MC-SCFP3A,0.532
14.33333333,rep3,AMP,0,ug/mL,MC-SCFP3A,0.55
14.66666667,rep1,AMP,0,ug/mL,MC-SCFP3A,0.597
14.66666667,rep2,AMP,0,ug/mL,MC-SCFP3A,0.533
14.66666667,rep3,AMP,0,ug/mL,MC-SCFP3A,0.547
15,rep1,AMP,0,ug/mL,MC-SCFP3A,0.592
15,rep2,AMP,0,ug/mL,MC-SCFP3A,0.534
15,rep3,AMP,0,ug/mL,MC-SCFP3A,0.547
15.33333333,rep1,AMP,0,ug/mL,MC-SCFP3A,0.587
15.33333333,rep2,AMP,0,ug/mL,MC-SCFP3A,0.534
15.33333333,rep3,AMP,0,ug/mL,MC-SCFP3A,0.543
15.66666667,rep1,AMP,0,ug/mL,MC-SCFP3A,0.584
15.66666667,rep2,AMP,0,ug/mL,MC-SCFP3A,0.536
15.66666667,rep3,AMP,0,ug/mL,MC-SCFP3A,0.543
16,rep1,AMP,0,ug/mL,MC-SCFP3A,0.58
16,rep2,AMP,0,ug/mL,MC-SCFP3A,0.538
16,rep3,AMP,0,ug/mL,MC-SCFP3A,0.54
16.33333333,rep1,AMP,0,ug/mL,MC-SCFP3A,0.574
16.33333333,rep2,AMP,0,ug/mL,MC-SCFP3A,0.54
16.33333333,rep3,AMP,0,ug/mL,MC-SCFP3A,0.54
16.66666667,rep1,AMP,0,ug/mL,MC-SCFP3A,0.572
16.66666667,rep2,AMP,0,ug/mL,MC-SCFP3A,0.541
16.66666667,rep3,AMP,0,ug/mL,MC-SCFP3A,0.536
17,rep1,AMP,0,ug/mL,MC-SCFP3A,0.57
17,rep2,AMP,0,ug/mL,MC-SCFP3A,0.542
17,rep3,AMP,0,ug/mL,MC-SCFP3A,0.536
17.33333333,rep1,AMP,0,ug/mL,MC-SCFP3A,0.565
17.33333333,rep2,AMP,0,ug/mL,MC-SCFP3A,0.544
17.33333333,rep3,AMP,0,ug/mL,MC-SCFP3A,0.533
17.66666667,rep1,AMP,0,ug/mL,MC-SCFP3A,0.562
17.66666667,rep2,AMP,0,ug/mL,MC-SCFP3A,0.546
17.66666667,rep3,AMP,0,ug/mL,MC-SCFP3A,0.533
18,rep1,AMP,0,ug/mL,MC-SCFP3A,0.561
18,rep2,AMP,0,ug/mL,MC-SCFP3A,0.548
18,rep3,AMP,0,ug/mL,MC-SCFP3A,0.53
18.33333333,rep1,AMP,0,ug/mL,MC-SCFP3A,0.558
18.33333333,rep2,AMP,0,ug/mL,MC-SCFP3A,0.55
18.33333333,rep3,AMP,0,ug/mL,MC-SCFP3A,0.529
18.66666667,rep1,AMP,0,ug/mL,MC-SCFP3A,0.556
18.66666667,rep2,AMP,0,ug/mL,MC-SCFP3A,0.552
18.66666667,rep3,AMP,0,ug/mL,MC-SCFP3A,0.526
19,rep1,AMP,0,ug/mL,MC-SCFP3A,0.552
19,rep2,AMP,0,ug/mL,MC-SCFP3A,0.554
19,rep3,AMP,0,ug/mL,MC-SCFP3A,0.526
19.33333333,rep1,AMP,0,ug/mL,MC-SCFP3A,0.55
19.33333333,rep2,AMP,0,ug/mL,MC-SCFP3A,0.558
19.33333333,rep3,AMP,0,ug/mL,MC-SCFP3A,0.521
19.66666667,rep1,AMP,0,ug/mL,MC-SCFP3A,0.549
19.66666667,rep2,AMP,0,ug/mL,MC-SCFP3A,0.56
19.66666667,rep3,AMP,0,ug/mL,MC-SCFP3A,0.522
20,rep1,AMP,0,ug/mL,MC-SCFP3A,0.547
20,rep2,AMP,0,ug/mL,MC-SCFP3A,0.563
20,rep3,AMP,0,ug/mL,MC-SCFP3A,0.519
0,rep1,Cd,0,mM,MC-SCFP3A,0.084
0,rep2,Cd,0,mM,MC-SCFP3A,0.084
0,rep3,Cd,0,mM,MC-SCFP3A,0.087
0.3333333333,rep1,Cd,0,mM,MC-SCFP3A,0.085
0.3333333333,rep2,Cd,0,mM,MC-SCFP3A,0.085
0.3333333333,rep3,Cd,0,mM,MC-SCFP3A,0.088
0.6666666667,rep1,Cd,0,mM,MC-SCFP3A,0.09
0.6666666667,rep2,Cd,0,mM,MC-SCFP3A,0.09
0.6666666667,rep3,Cd,0,mM,MC-SCFP3A,0.096
1,rep1,Cd,0,mM,MC-SCFP3A,0.096
1,rep2,Cd,0,mM,MC-SCFP3A,0.096
1,rep3,Cd,0,mM,MC-SCFP3A,0.101
1.333333333,rep1,Cd,0,mM,MC-SCFP3A,0.115
1.333333333,rep2,Cd,0,mM,MC-SCFP3A,0.119
1.333333333,rep3,Cd,0,mM,MC-SCFP3A,0.135
1.666666667,rep1,Cd,0,mM,MC-SCFP3A,0.158
1.666666667,rep2,Cd,0,mM,MC-SCFP3A,0.161
1.666666667,rep3,Cd,0,mM,MC-SCFP3A,0.214
2,rep1,Cd,0,mM,MC-SCFP3A,0.239
2,rep2,Cd,0,mM,MC-SCFP3A,0.246
2,rep3,Cd,0,mM,MC-SCFP3A,0.283
2.333333333,rep1,Cd,0,mM,MC-SCFP3A,0.333
2.333333333,rep2,Cd,0,mM,MC-SCFP3A,0.367
2.333333333,rep3,Cd,0,mM,MC-SCFP3A,0.431
2.666666667,rep1,Cd,0,mM,MC-SCFP3A,0.485
2.666666667,rep2,Cd,0,mM,MC-SCFP3A,0.494
2.666666667,rep3,Cd,0,mM,MC-SCFP3A,0.518
3,rep1,Cd,0,mM,MC-SCFP3A,0.563
3,rep2,Cd,0,mM,MC-SCFP3A,0.576
3,rep3,Cd,0,mM,MC-SCFP3A,0.594
3.333333333,rep1,Cd,0,mM,MC-SCFP3A,0.605
3.333333333,rep2,Cd,0,mM,MC-SCFP3A,0.611
3.333333333,rep3,Cd,0,mM,MC-SCFP3A,0.622
3.666666667,rep1,Cd,0,mM,MC-SCFP3A,0.624
3.666666667,rep2,Cd,0,mM,MC-SCFP3A,0.629
3.666666667,rep3,Cd,0,mM,MC-SCFP3A,0.611
4,rep1,Cd,0,mM,MC-SCFP3A,0.639
4,rep2,Cd,0,mM,MC-SCFP3A,0.649
4,rep3,Cd,0,mM,MC-SCFP3A,0.46
4.333333333,rep1,Cd,0,mM,MC-SCFP3A,0.517
4.333333333,rep2,Cd,0,mM,MC-SCFP3A,0.49
4.333333333,rep3,Cd,0,mM,MC-SCFP3A,0.552
4.666666667,rep1,Cd,0,mM,MC-SCFP3A,0.59
4.666666667,rep2,Cd,0,mM,MC-SCFP3A,0.554
4.666666667,rep3,Cd,0,mM,MC-SCFP3A,0.584
5,rep1,Cd,0,mM,MC-SCFP3A,0.615
5,rep2,Cd,0,mM,MC-SCFP3A,0.592
5,rep3,Cd,0,mM,MC-SCFP3A,0.591
5.333333333,rep1,Cd,0,mM,MC-SCFP3A,0.624
5.333333333,rep2,Cd,0,mM,MC-SCFP3A,0.604
5.333333333,rep3,Cd,0,mM,MC-SCFP3A,0.599
5.666666667,rep1,Cd,0,mM,MC-SCFP3A,0.614
5.666666667,rep2,Cd,0,mM,MC-SCFP3A,0.602
5.666666667,rep3,Cd,0,mM,MC-SCFP3A,0.604
6,rep1,Cd,0,mM,MC-SCFP3A,0.629
6,rep2,Cd,0,mM,MC-SCFP3A,0.605
6,rep3,Cd,0,mM,MC-SCFP3A,0.603
6.333333333,rep1,Cd,0,mM,MC-SCFP3A,0.641
6.333333333,rep2,Cd,0,mM,MC-SCFP3A,0.61
6.333333333,rep3,Cd,0,mM,MC-SCFP3A,0.603
6.666666667,rep1,Cd,0,mM,MC-SCFP3A,0.646
6.666666667,rep2,Cd,0,mM,MC-SCFP3A,0.613
6.666666667,rep3,Cd,0,mM,MC-SCFP3A,0.607
7,rep1,Cd,0,mM,MC-SCFP3A,0.651
7,rep2,Cd,0,mM,MC-SCFP3A,0.624
7,rep3,Cd,0,mM,MC-SCFP3A,0.616
7.333333333,rep1,Cd,0,mM,MC-SCFP3A,0.665
7.333333333,rep2,Cd,0,mM,MC-SCFP3A,0.635
7.333333333,rep3,Cd,0,mM,MC-SCFP3A,0.624
7.666666667,rep1,Cd,0,mM,MC-SCFP3A,0.678
7.666666667,rep2,Cd,0,mM,MC-SCFP3A,0.644
7.666666667,rep3,Cd,0,mM,MC-SCFP3A,0.629
8,rep1,Cd,0,mM,MC-SCFP3A,0.689
8,rep2,Cd,0,mM,MC-SCFP3A,0.653
8,rep3,Cd,0,mM,MC-SCFP3A,0.631
8.333333333,rep1,Cd,0,mM,MC-SCFP3A,0.702
8.333333333,rep2,Cd,0,mM,MC-SCFP3A,0.659
8.333333333,rep3,Cd,0,mM,MC-SCFP3A,0.633
8.666666667,rep1,Cd,0,mM,MC-SCFP3A,0.71
8.666666667,rep2,Cd,0,mM,MC-SCFP3A,0.663
8.666666667,rep3,Cd,0,mM,MC-SCFP3A,0.634
9,rep1,Cd,0,mM,MC-SCFP3A,0.719
9,rep2,Cd,0,mM,MC-SCFP3A,0.667
9,rep3,Cd,0,mM,MC-SCFP3A,0.633
9.333333333,rep1,Cd,0,mM,MC-SCFP3A,0.728
9.333333333,rep2,Cd,0,mM,MC-SCFP3A,0.666
9.333333333,rep3,Cd,0,mM,MC-SCFP3A,0.63
9.666666667,rep1,Cd,0,mM,MC-SCFP3A,0.734
9.666666667,rep2,Cd,0,mM,MC-SCFP3A,0.666
9.666666667,rep3,Cd,0,mM,MC-SCFP3A,0.628
10,rep1,Cd,0,mM,MC-SCFP3A,0.739
10,rep2,Cd,0,mM,MC-SCFP3A,0.666
10,rep3,Cd,0,mM,MC-SCFP3A,0.627
10.33333333,rep1,Cd,0,mM,MC-SCFP3A,0.744
10.33333333,rep2,Cd,0,mM,MC-SCFP3A,0.662
10.33333333,rep3,Cd,0,mM,MC-SCFP3A,0.622
10.66666667,rep1,Cd,0,mM,MC-SCFP3A,0.747
10.66666667,rep2,Cd,0,mM,MC-SCFP3A,0.66
10.66666667,rep3,Cd,0,mM,MC-SCFP3A,0.618
11,rep1,Cd,0,mM,MC-SCFP3A,0.75
11,rep2,Cd,0,mM,MC-SCFP3A,0.657
11,rep3,Cd,0,mM,MC-SCFP3A,0.614
11.33333333,rep1,Cd,0,mM,MC-SCFP3A,0.753
11.33333333,rep2,Cd,0,mM,MC-SCFP3A,0.654
11.33333333,rep3,Cd,0,mM,MC-SCFP3A,0.613
11.66666667,rep1,Cd,0,mM,MC-SCFP3A,0.754
11.66666667,rep2,Cd,0,mM,MC-SCFP3A,0.652
11.66666667,rep3,Cd,0,mM,MC-SCFP3A,0.608
12,rep1,Cd,0,mM,MC-SCFP3A,0.756
12,rep2,Cd,0,mM,MC-SCFP3A,0.65
12,rep3,Cd,0,mM,MC-SCFP3A,0.604
12.33333333,rep1,Cd,0,mM,MC-SCFP3A,0.756
12.33333333,rep2,Cd,0,mM,MC-SCFP3A,0.645
12.33333333,rep3,Cd,0,mM,MC-SCFP3A,0.601
12.66666667,rep1,Cd,0,mM,MC-SCFP3A,0.757
12.66666667,rep2,Cd,0,mM,MC-SCFP3A,0.644
12.66666667,rep3,Cd,0,mM,MC-SCFP3A,0.598
13,rep1,Cd,0,mM,MC-SCFP3A,0.757
13,rep2,Cd,0,mM,MC-SCFP3A,0.642
13,rep3,Cd,0,mM,MC-SCFP3A,0.597
13.33333333,rep1,Cd,0,mM,MC-SCFP3A,0.759
13.33333333,rep2,Cd,0,mM,MC-SCFP3A,0.638
13.33333333,rep3,Cd,0,mM,MC-SCFP3A,0.592
13.66666667,rep1,Cd,0,mM,MC-SCFP3A,0.759
13.66666667,rep2,Cd,0,mM,MC-SCFP3A,0.635
13.66666667,rep3,Cd,0,mM,MC-SCFP3A,0.591
14,rep1,Cd,0,mM,MC-SCFP3A,0.76
14,rep2,Cd,0,mM,MC-SCFP3A,0.634
14,rep3,Cd,0,mM,MC-SCFP3A,0.588
14.33333333,rep1,Cd,0,mM,MC-SCFP3A,0.761
14.33333333,rep2,Cd,0,mM,MC-SCFP3A,0.631
14.33333333,rep3,Cd,0,mM,MC-SCFP3A,0.586
14.66666667,rep1,Cd,0,mM,MC-SCFP3A,0.762
14.66666667,rep2,Cd,0,mM,MC-SCFP3A,0.631
14.66666667,rep3,Cd,0,mM,MC-SCFP3A,0.585
15,rep1,Cd,0,mM,MC-SCFP3A,0.763
15,rep2,Cd,0,mM,MC-SCFP3A,0.628
15,rep3,Cd,0,mM,MC-SCFP3A,0.581
15.33333333,rep1,Cd,0,mM,MC-SCFP3A,0.762
15.33333333,rep2,Cd,0,mM,MC-SCFP3A,0.627
15.33333333,rep3,Cd,0,mM,MC-SCFP3A,0.581
15.66666667,rep1,Cd,0,mM,MC-SCFP3A,0.762
15.66666667,rep2,Cd,0,mM,MC-SCFP3A,0.627
15.66666667,rep3,Cd,0,mM,MC-SCFP3A,0.578
16,rep1,Cd,0,mM,MC-SCFP3A,0.763
16,rep2,Cd,0,mM,MC-SCFP3A,0.626
16,rep3,Cd,0,mM,MC-SCFP3A,0.578
16.33333333,rep1,Cd,0,mM,MC-SCFP3A,0.763
16.33333333,rep2,Cd,0,mM,MC-SCFP3A,0.625
16.33333333,rep3,Cd,0,mM,MC-SCFP3A,0.575
16.66666667,rep1,Cd,0,mM,MC-SCFP3A,0.764
16.66666667,rep2,Cd,0,mM,MC-SCFP3A,0.625
16.66666667,rep3,Cd,0,mM,MC-SCFP3A,0.575
17,rep1,Cd,0,mM,MC-SCFP3A,0.765
17,rep2,Cd,0,mM,MC-SCFP3A,0.622
17,rep3,Cd,0,mM,MC-SCFP3A,0.573
17.33333333,rep1,Cd,0,mM,MC-SCFP3A,0.765
17.33333333,rep2,Cd,0,mM,MC-SCFP3A,0.623
17.33333333,rep3,Cd,0,mM,MC-SCFP3A,0.573
17.66666667,rep1,Cd,0,mM,MC-SCFP3A,0.767
17.66666667,rep2,Cd,0,mM,MC-SCFP3A,0.623
17.66666667,rep3,Cd,0,mM,MC-SCFP3A,0.571
18,rep1,Cd,0,mM,MC-SCFP3A,0.767
18,rep2,Cd,0,mM,MC-SCFP3A,0.621
18,rep3,Cd,0,mM,MC-SCFP3A,0.57
18.33333333,rep1,Cd,0,mM,MC-SCFP3A,0.769
18.33333333,rep2,Cd,0,mM,MC-SCFP3A,0.62
18.33333333,rep3,Cd,0,mM,MC-SCFP3A,0.568
18.66666667,rep1,Cd,0,mM,MC-SCFP3A,0.768
18.66666667,rep2,Cd,0,mM,MC-SCFP3A,0.619
18.66666667,rep3,Cd,0,mM,MC-SCFP3A,0.566
19,rep1,Cd,0,mM,MC-SCFP3A,0.77
19,rep2,Cd,0,mM,MC-SCFP3A,0.619
19,rep3,Cd,0,mM,MC-SCFP3A,0.567
19.33333333,rep1,Cd,0,mM,MC-SCFP3A,0.771
19.33333333,rep2,Cd,0,mM,MC-SCFP3A,0.618
19.33333333,rep3,Cd,0,mM,MC-SCFP3A,0.565
19.66666667,rep1,Cd,0,mM,MC-SCFP3A,0.772
19.66666667,rep2,Cd,0,mM,MC-SCFP3A,0.617
19.66666667,rep3,Cd,0,mM,MC-SCFP3A,0.563
20,rep1,Cd,0,mM,MC-SCFP3A,0.773
20,rep2,Cd,0,mM,MC-SCFP3A,0.617
20,rep3,Cd,0,mM,MC-SCFP3A,0.563
0,rep1,AMP,0,ug/mL,VIPdeltaRecA,0.087
0,rep2,AMP,0,ug/mL,VIPdeltaRecA,0.084
0,rep3,AMP,0,ug/mL,VIPdeltaRecA,0.083
0.3333333333,rep1,AMP,0,ug/mL,VIPdeltaRecA,0.091
0.3333333333,rep2,AMP,0,ug/mL,VIPdeltaRecA,0.085
0.3333333333,rep3,AMP,0,ug/mL,VIPdeltaRecA,0.085
0.6666666667,rep1,AMP,0,ug/mL,VIPdeltaRecA,0.102
0.6666666667,rep2,AMP,0,ug/mL,VIPdeltaRecA,0.089
0.6666666667,rep3,AMP,0,ug/mL,VIPdeltaRecA,0.09
1,rep1,AMP,0,ug/mL,VIPdeltaRecA,0.112
1,rep2,AMP,0,ug/mL,VIPdeltaRecA,0.097
1,rep3,AMP,0,ug/mL,VIPdeltaRecA,0.098
1.333333333,rep1,AMP,0,ug/mL,VIPdeltaRecA,0.126
1.333333333,rep2,AMP,0,ug/mL,VIPdeltaRecA,0.103
1.333333333,rep3,AMP,0,ug/mL,VIPdeltaRecA,0.107
1.666666667,rep1,AMP,0,ug/mL,VIPdeltaRecA,0.13
1.666666667,rep2,AMP,0,ug/mL,VIPdeltaRecA,0.111
1.666666667,rep3,AMP,0,ug/mL,VIPdeltaRecA,0.112
2,rep1,AMP,0,ug/mL,VIPdeltaRecA,0.161
2,rep2,AMP,0,ug/mL,VIPdeltaRecA,0.127
2,rep3,AMP,0,ug/mL,VIPdeltaRecA,0.131
2.333333333,rep1,AMP,0,ug/mL,VIPdeltaRecA,0.218
2.333333333,rep2,AMP,0,ug/mL,VIPdeltaRecA,0.161
2.333333333,rep3,AMP,0,ug/mL,VIPdeltaRecA,0.166
2.666666667,rep1,AMP,0,ug/mL,VIPdeltaRecA,0.252
2.666666667,rep2,AMP,0,ug/mL,VIPdeltaRecA,0.214
2.666666667,rep3,AMP,0,ug/mL,VIPdeltaRecA,0.208
3,rep1,AMP,0,ug/mL,VIPdeltaRecA,0.337
3,rep2,AMP,0,ug/mL,VIPdeltaRecA,0.254
3,rep3,AMP,0,ug/mL,VIPdeltaRecA,0.265
3.333333333,rep1,AMP,0,ug/mL,VIPdeltaRecA,0.407
3.333333333,rep2,AMP,0,ug/mL,VIPdeltaRecA,0.344
3.333333333,rep3,AMP,0,ug/mL,VIPdeltaRecA,0.333
3.666666667,rep1,AMP,0,ug/mL,VIPdeltaRecA,0.517
3.666666667,rep2,AMP,0,ug/mL,VIPdeltaRecA,0.398
3.666666667,rep3,AMP,0,ug/mL,VIPdeltaRecA,0.389
4,rep1,AMP,0,ug/mL,VIPdeltaRecA,0.554
4,rep2,AMP,0,ug/mL,VIPdeltaRecA,0.471
4,rep3,AMP,0,ug/mL,VIPdeltaRecA,0.476
4.333333333,rep1,AMP,0,ug/mL,VIPdeltaRecA,0.762
4.333333333,rep2,AMP,0,ug/mL,VIPdeltaRecA,0.545
4.333333333,rep3,AMP,0,ug/mL,VIPdeltaRecA,0.576
4.666666667,rep1,AMP,0,ug/mL,VIPdeltaRecA,0.809
4.666666667,rep2,AMP,0,ug/mL,VIPdeltaRecA,0.64
4.666666667,rep3,AMP,0,ug/mL,VIPdeltaRecA,0.725
5,rep1,AMP,0,ug/mL,VIPdeltaRecA,0.744
5,rep2,AMP,0,ug/mL,VIPdeltaRecA,0.717
5,rep3,AMP,0,ug/mL,VIPdeltaRecA,0.704
5.333333333,rep1,AMP,0,ug/mL,VIPdeltaRecA,0.771
5.333333333,rep2,AMP,0,ug/mL,VIPdeltaRecA,0.746
5.333333333,rep3,AMP,0,ug/mL,VIPdeltaRecA,0.699
5.666666667,rep1,AMP,0,ug/mL,VIPdeltaRecA,0.751
5.666666667,rep2,AMP,0,ug/mL,VIPdeltaRecA,0.699
5.666666667,rep3,AMP,0,ug/mL,VIPdeltaRecA,0.708
6,rep1,AMP,0,ug/mL,VIPdeltaRecA,0.733
6,rep2,AMP,0,ug/mL,VIPdeltaRecA,0.648
6,rep3,AMP,0,ug/mL,VIPdeltaRecA,0.698
6.333333333,rep1,AMP,0,ug/mL,VIPdeltaRecA,0.72
6.333333333,rep2,AMP,0,ug/mL,VIPdeltaRecA,0.639
6.333333333,rep3,AMP,0,ug/mL,VIPdeltaRecA,0.7
6.666666667,rep1,AMP,0,ug/mL,VIPdeltaRecA,0.713
6.666666667,rep2,AMP,0,ug/mL,VIPdeltaRecA,0.649
6.666666667,rep3,AMP,0,ug/mL,VIPdeltaRecA,0.71
7,rep1,AMP,0,ug/mL,VIPdeltaRecA,0.744
7,rep2,AMP,0,ug/mL,VIPdeltaRecA,0.664
7,rep3,AMP,0,ug/mL,VIPdeltaRecA,0.737
7.333333333,rep1,AMP,0,ug/mL,VIPdeltaRecA,0.77
7.333333333,rep2,AMP,0,ug/mL,VIPdeltaRecA,0.672
7.333333333,rep3,AMP,0,ug/mL,VIPdeltaRecA,0.755
7.666666667,rep1,AMP,0,ug/mL,VIPdeltaRecA,0.79
7.666666667,rep2,AMP,0,ug/mL,VIPdeltaRecA,0.687
7.666666667,rep3,AMP,0,ug/mL,VIPdeltaRecA,0.775
8,rep1,AMP,0,ug/mL,VIPdeltaRecA,0.808
8,rep2,AMP,0,ug/mL,VIPdeltaRecA,0.688
8,rep3,AMP,0,ug/mL,VIPdeltaRecA,0.791
8.333333333,rep1,AMP,0,ug/mL,VIPdeltaRecA,0.821
8.333333333,rep2,AMP,0,ug/mL,VIPdeltaRecA,0.692
8.333333333,rep3,AMP,0,ug/mL,VIPdeltaRecA,0.808
8.666666667,rep1,AMP,0,ug/mL,VIPdeltaRecA,0.833
8.666666667,rep2,AMP,0,ug/mL,VIPdeltaRecA,0.694
8.666666667,rep3,AMP,0,ug/mL,VIPdeltaRecA,0.819
9,rep1,AMP,0,ug/mL,VIPdeltaRecA,0.844
9,rep2,AMP,0,ug/mL,VIPdeltaRecA,0.693
9,rep3,AMP,0,ug/mL,VIPdeltaRecA,0.827
9.333333333,rep1,AMP,0,ug/mL,VIPdeltaRecA,0.855
9.333333333,rep2,AMP,0,ug/mL,VIPdeltaRecA,0.695
9.333333333,rep3,AMP,0,ug/mL,VIPdeltaRecA,0.84
9.666666667,rep1,AMP,0,ug/mL,VIPdeltaRecA,0.862
9.666666667,rep2,AMP,0,ug/mL,VIPdeltaRecA,0.7
9.666666667,rep3,AMP,0,ug/mL,VIPdeltaRecA,0.848
10,rep1,AMP,0,ug/mL,VIPdeltaRecA,0.868
10,rep2,AMP,0,ug/mL,VIPdeltaRecA,0.701
10,rep3,AMP,0,ug/mL,VIPdeltaRecA,0.855
10.33333333,rep1,AMP,0,ug/mL,VIPdeltaRecA,0.877
10.33333333,rep2,AMP,0,ug/mL,VIPdeltaRecA,0.708
10.33333333,rep3,AMP,0,ug/mL,VIPdeltaRecA,0.866
10.66666667,rep1,AMP,0,ug/mL,VIPdeltaRecA,0.883
10.66666667,rep2,AMP,0,ug/mL,VIPdeltaRecA,0.709
10.66666667,rep3,AMP,0,ug/mL,VIPdeltaRecA,0.873
11,rep1,AMP,0,ug/mL,VIPdeltaRecA,0.89
11,rep2,AMP,0,ug/mL,VIPdeltaRecA,0.71
11,rep3,AMP,0,ug/mL,VIPdeltaRecA,0.882
11.33333333,rep1,AMP,0,ug/mL,VIPdeltaRecA,0.896
11.33333333,rep2,AMP,0,ug/mL,VIPdeltaRecA,0.716
11.33333333,rep3,AMP,0,ug/mL,VIPdeltaRecA,0.89
11.66666667,rep1,AMP,0,ug/mL,VIPdeltaRecA,0.903
11.66666667,rep2,AMP,0,ug/mL,VIPdeltaRecA,0.719
11.66666667,rep3,AMP,0,ug/mL,VIPdeltaRecA,0.896
12,rep1,AMP,0,ug/mL,VIPdeltaRecA,0.911
12,rep2,AMP,0,ug/mL,VIPdeltaRecA,0.723
12,rep3,AMP,0,ug/mL,VIPdeltaRecA,0.904
12.33333333,rep1,AMP,0,ug/mL,VIPdeltaRecA,0.915
12.33333333,rep2,AMP,0,ug/mL,VIPdeltaRecA,0.727
12.33333333,rep3,AMP,0,ug/mL,VIPdeltaRecA,0.91
12.66666667,rep1,AMP,0,ug/mL,VIPdeltaRecA,0.922
12.66666667,rep2,AMP,0,ug/mL,VIPdeltaRecA,0.731
12.66666667,rep3,AMP,0,ug/mL,VIPdeltaRecA,0.919
13,rep1,AMP,0,ug/mL,VIPdeltaRecA,0.924
13,rep2,AMP,0,ug/mL,VIPdeltaRecA,0.736
13,rep3,AMP,0,ug/mL,VIPdeltaRecA,0.924
13.33333333,rep1,AMP,0,ug/mL,VIPdeltaRecA,0.931
13.33333333,rep2,AMP,0,ug/mL,VIPdeltaRecA,0.742
13.33333333,rep3,AMP,0,ug/mL,VIPdeltaRecA,0.931
13.66666667,rep1,AMP,0,ug/mL,VIPdeltaRecA,0.935
13.66666667,rep2,AMP,0,ug/mL,VIPdeltaRecA,0.752
13.66666667,rep3,AMP,0,ug/mL,VIPdeltaRecA,0.938
14,rep1,AMP,0,ug/mL,VIPdeltaRecA,0.939
14,rep2,AMP,0,ug/mL,VIPdeltaRecA,0.757
14,rep3,AMP,0,ug/mL,VIPdeltaRecA,0.944
14.33333333,rep1,AMP,0,ug/mL,VIPdeltaRecA,0.944
14.33333333,rep2,AMP,0,ug/mL,VIPdeltaRecA,0.767
14.33333333,rep3,AMP,0,ug/mL,VIPdeltaRecA,0.949
14.66666667,rep1,AMP,0,ug/mL,VIPdeltaRecA,0.947
14.66666667,rep2,AMP,0,ug/mL,VIPdeltaRecA,0.775
14.66666667,rep3,AMP,0,ug/mL,VIPdeltaRecA,0.955
15,rep1,AMP,0,ug/mL,VIPdeltaRecA,0.952
15,rep2,AMP,0,ug/mL,VIPdeltaRecA,0.787
15,rep3,AMP,0,ug/mL,VIPdeltaRecA,0.959
15.33333333,rep1,AMP,0,ug/mL,VIPdeltaRecA,0.957
15.33333333,rep2,AMP,0,ug/mL,VIPdeltaRecA,0.797
15.33333333,rep3,AMP,0,ug/mL,VIPdeltaRecA,0.965
15.66666667,rep1,AMP,0,ug/mL,VIPdeltaRecA,0.958
15.66666667,rep2,AMP,0,ug/mL,VIPdeltaRecA,0.804
15.66666667,rep3,AMP,0,ug/mL,VIPdeltaRecA,0.97
16,rep1,AMP,0,ug/mL,VIPdeltaRecA,0.963
16,rep2,AMP,0,ug/mL,VIPdeltaRecA,0.812
16,rep3,AMP,0,ug/mL,VIPdeltaRecA,0.975
16.33333333,rep1,AMP,0,ug/mL,VIPdeltaRecA,0.966
16.33333333,rep2,AMP,0,ug/mL,VIPdeltaRecA,0.822
16.33333333,rep3,AMP,0,ug/mL,VIPdeltaRecA,0.978
16.66666667,rep1,AMP,0,ug/mL,VIPdeltaRecA,0.967
16.66666667,rep2,AMP,0,ug/mL,VIPdeltaRecA,0.826
16.66666667,rep3,AMP,0,ug/mL,VIPdeltaRecA,0.983
17,rep1,AMP,0,ug/mL,VIPdeltaRecA,0.971
17,rep2,AMP,0,ug/mL,VIPdeltaRecA,0.838
17,rep3,AMP,0,ug/mL,VIPdeltaRecA,0.987
17.33333333,rep1,AMP,0,ug/mL,VIPdeltaRecA,0.974
17.33333333,rep2,AMP,0,ug/mL,VIPdeltaRecA,0.844
17.33333333,rep3,AMP,0,ug/mL,VIPdeltaRecA,0.99
17.66666667,rep1,AMP,0,ug/mL,VIPdeltaRecA,0.976
17.66666667,rep2,AMP,0,ug/mL,VIPdeltaRecA,0.85
17.66666667,rep3,AMP,0,ug/mL,VIPdeltaRecA,0.994
18,rep1,AMP,0,ug/mL,VIPdeltaRecA,0.981
18,rep2,AMP,0,ug/mL,VIPdeltaRecA,0.855
18,rep3,AMP,0,ug/mL,VIPdeltaRecA,0.995
18.33333333,rep1,AMP,0,ug/mL,VIPdeltaRecA,0.984
18.33333333,rep2,AMP,0,ug/mL,VIPdeltaRecA,0.861
18.33333333,rep3,AMP,0,ug/mL,VIPdeltaRecA,0.999
18.66666667,rep1,AMP,0,ug/mL,VIPdeltaRecA,0.985
18.66666667,rep2,AMP,0,ug/mL,VIPdeltaRecA,0.867
18.66666667,rep3,AMP,0,ug/mL,VIPdeltaRecA,1
19,rep1,AMP,0,ug/mL,VIPdeltaRecA,0.986
19,rep2,AMP,0,ug/mL,VIPdeltaRecA,0.874
19,rep3,AMP,0,ug/mL,VIPdeltaRecA,1.003
19.33333333,rep1,AMP,0,ug/mL,VIPdeltaRecA,0.989
19.33333333,rep2,AMP,0,ug/mL,VIPdeltaRecA,0.88
19.33333333,rep3,AMP,0,ug/mL,VIPdeltaRecA,1.005
19.66666667,rep1,AMP,0,ug/mL,VIPdeltaRecA,0.991
19.66666667,rep2,AMP,0,ug/mL,VIPdeltaRecA,0.884
19.66666667,rep3,AMP,0,ug/mL,VIPdeltaRecA,1.006
20,rep1,AMP,0,ug/mL,VIPdeltaRecA,0.991
20,rep2,AMP,0,ug/mL,VIPdeltaRecA,0.89
20,rep3,AMP,0,ug/mL,VIPdeltaRecA,1.009
0,rep1,Cd,0,mM,VIPdeltaRecA,0.084
0,rep2,Cd,0,mM,VIPdeltaRecA,0.084
0,rep3,Cd,0,mM,VIPdeltaRecA,0.084
0.3333333333,rep1,Cd,0,mM,VIPdeltaRecA,0.09
0.3333333333,rep2,Cd,0,mM,VIPdeltaRecA,0.088
0.3333333333,rep3,Cd,0,mM,VIPdeltaRecA,0.088
0.6666666667,rep1,Cd,0,mM,VIPdeltaRecA,0.101
0.6666666667,rep2,Cd,0,mM,VIPdeltaRecA,0.095
0.6666666667,rep3,Cd,0,mM,VIPdeltaRecA,0.097
1,rep1,Cd,0,mM,VIPdeltaRecA,0.107
1,rep2,Cd,0,mM,VIPdeltaRecA,0.101
1,rep3,Cd,0,mM,VIPdeltaRecA,0.105
1.333333333,rep1,Cd,0,mM,VIPdeltaRecA,0.116
1.333333333,rep2,Cd,0,mM,VIPdeltaRecA,0.109
1.333333333,rep3,Cd,0,mM,VIPdeltaRecA,0.112
1.666666667,rep1,Cd,0,mM,VIPdeltaRecA,0.127
1.666666667,rep2,Cd,0,mM,VIPdeltaRecA,0.118
1.666666667,rep3,Cd,0,mM,VIPdeltaRecA,0.12
2,rep1,Cd,0,mM,VIPdeltaRecA,0.159
2,rep2,Cd,0,mM,VIPdeltaRecA,0.143
2,rep3,Cd,0,mM,VIPdeltaRecA,0.148
2.333333333,rep1,Cd,0,mM,VIPdeltaRecA,0.21
2.333333333,rep2,Cd,0,mM,VIPdeltaRecA,0.197
2.333333333,rep3,Cd,0,mM,VIPdeltaRecA,0.2
2.666666667,rep1,Cd,0,mM,VIPdeltaRecA,0.255
2.666666667,rep2,Cd,0,mM,VIPdeltaRecA,0.227
2.666666667,rep3,Cd,0,mM,VIPdeltaRecA,0.241
3,rep1,Cd,0,mM,VIPdeltaRecA,0.345
3,rep2,Cd,0,mM,VIPdeltaRecA,0.308
3,rep3,Cd,0,mM,VIPdeltaRecA,0.326
3.333333333,rep1,Cd,0,mM,VIPdeltaRecA,0.398
3.333333333,rep2,Cd,0,mM,VIPdeltaRecA,0.378
3.333333333,rep3,Cd,0,mM,VIPdeltaRecA,0.384
3.666666667,rep1,Cd,0,mM,VIPdeltaRecA,0.471
3.666666667,rep2,Cd,0,mM,VIPdeltaRecA,0.461
3.666666667,rep3,Cd,0,mM,VIPdeltaRecA,0.462
4,rep1,Cd,0,mM,VIPdeltaRecA,0.589
4,rep2,Cd,0,mM,VIPdeltaRecA,0.563
4,rep3,Cd,0,mM,VIPdeltaRecA,0.543
4.333333333,rep1,Cd,0,mM,VIPdeltaRecA,0.702
4.333333333,rep2,Cd,0,mM,VIPdeltaRecA,0.602
4.333333333,rep3,Cd,0,mM,VIPdeltaRecA,0.618
4.666666667,rep1,Cd,0,mM,VIPdeltaRecA,0.731
4.666666667,rep2,Cd,0,mM,VIPdeltaRecA,0.783
4.666666667,rep3,Cd,0,mM,VIPdeltaRecA,0.701
5,rep1,Cd,0,mM,VIPdeltaRecA,0.723
5,rep2,Cd,0,mM,VIPdeltaRecA,0.729
5,rep3,Cd,0,mM,VIPdeltaRecA,0.637
5.333333333,rep1,Cd,0,mM,VIPdeltaRecA,0.715
5.333333333,rep2,Cd,0,mM,VIPdeltaRecA,0.695
5.333333333,rep3,Cd,0,mM,VIPdeltaRecA,0.684
5.666666667,rep1,Cd,0,mM,VIPdeltaRecA,0.695
5.666666667,rep2,Cd,0,mM,VIPdeltaRecA,0.691
5.666666667,rep3,Cd,0,mM,VIPdeltaRecA,0.711
6,rep1,Cd,0,mM,VIPdeltaRecA,0.687
6,rep2,Cd,0,mM,VIPdeltaRecA,0.692
6,rep3,Cd,0,mM,VIPdeltaRecA,0.707
6.333333333,rep1,Cd,0,mM,VIPdeltaRecA,0.686
6.333333333,rep2,Cd,0,mM,VIPdeltaRecA,0.705
6.333333333,rep3,Cd,0,mM,VIPdeltaRecA,0.708
6.666666667,rep1,Cd,0,mM,VIPdeltaRecA,0.689
6.666666667,rep2,Cd,0,mM,VIPdeltaRecA,0.728
6.666666667,rep3,Cd,0,mM,VIPdeltaRecA,0.726
7,rep1,Cd,0,mM,VIPdeltaRecA,0.729
7,rep2,Cd,0,mM,VIPdeltaRecA,0.753
7,rep3,Cd,0,mM,VIPdeltaRecA,0.742
7.333333333,rep1,Cd,0,mM,VIPdeltaRecA,0.759
7.333333333,rep2,Cd,0,mM,VIPdeltaRecA,0.774
7.333333333,rep3,Cd,0,mM,VIPdeltaRecA,0.767
7.666666667,rep1,Cd,0,mM,VIPdeltaRecA,0.78
7.666666667,rep2,Cd,0,mM,VIPdeltaRecA,0.799
7.666666667,rep3,Cd,0,mM,VIPdeltaRecA,0.787
8,rep1,Cd,0,mM,VIPdeltaRecA,0.801
8,rep2,Cd,0,mM,VIPdeltaRecA,0.817
8,rep3,Cd,0,mM,VIPdeltaRecA,0.805
8.333333333,rep1,Cd,0,mM,VIPdeltaRecA,0.817
8.333333333,rep2,Cd,0,mM,VIPdeltaRecA,0.828
8.333333333,rep3,Cd,0,mM,VIPdeltaRecA,0.821
8.666666667,rep1,Cd,0,mM,VIPdeltaRecA,0.834
8.666666667,rep2,Cd,0,mM,VIPdeltaRecA,0.837
8.666666667,rep3,Cd,0,mM,VIPdeltaRecA,0.83
9,rep1,Cd,0,mM,VIPdeltaRecA,0.848
9,rep2,Cd,0,mM,VIPdeltaRecA,0.844
9,rep3,Cd,0,mM,VIPdeltaRecA,0.846
9.333333333,rep1,Cd,0,mM,VIPdeltaRecA,0.863
9.333333333,rep2,Cd,0,mM,VIPdeltaRecA,0.85
9.333333333,rep3,Cd,0,mM,VIPdeltaRecA,0.854
9.666666667,rep1,Cd,0,mM,VIPdeltaRecA,0.876
9.666666667,rep2,Cd,0,mM,VIPdeltaRecA,0.854
9.666666667,rep3,Cd,0,mM,VIPdeltaRecA,0.867
10,rep1,Cd,0,mM,VIPdeltaRecA,0.881
10,rep2,Cd,0,mM,VIPdeltaRecA,0.853
10,rep3,Cd,0,mM,VIPdeltaRecA,0.874
10.33333333,rep1,Cd,0,mM,VIPdeltaRecA,0.893
10.33333333,rep2,Cd,0,mM,VIPdeltaRecA,0.855
10.33333333,rep3,Cd,0,mM,VIPdeltaRecA,0.884
10.66666667,rep1,Cd,0,mM,VIPdeltaRecA,0.898
10.66666667,rep2,Cd,0,mM,VIPdeltaRecA,0.852
10.66666667,rep3,Cd,0,mM,VIPdeltaRecA,0.899
11,rep1,Cd,0,mM,VIPdeltaRecA,0.904
11,rep2,Cd,0,mM,VIPdeltaRecA,0.848
11,rep3,Cd,0,mM,VIPdeltaRecA,0.91
11.33333333,rep1,Cd,0,mM,VIPdeltaRecA,0.906
11.33333333,rep2,Cd,0,mM,VIPdeltaRecA,0.845
11.33333333,rep3,Cd,0,mM,VIPdeltaRecA,0.918
11.66666667,rep1,Cd,0,mM,VIPdeltaRecA,0.904
11.66666667,rep2,Cd,0,mM,VIPdeltaRecA,0.842
11.66666667,rep3,Cd,0,mM,VIPdeltaRecA,0.924
12,rep1,Cd,0,mM,VIPdeltaRecA,0.897
12,rep2,Cd,0,mM,VIPdeltaRecA,0.834
12,rep3,Cd,0,mM,VIPdeltaRecA,0.932
12.33333333,rep1,Cd,0,mM,VIPdeltaRecA,0.894
12.33333333,rep2,Cd,0,mM,VIPdeltaRecA,0.836
12.33333333,rep3,Cd,0,mM,VIPdeltaRecA,0.935
12.66666667,rep1,Cd,0,mM,VIPdeltaRecA,0.891
12.66666667,rep2,Cd,0,mM,VIPdeltaRecA,0.833
12.66666667,rep3,Cd,0,mM,VIPdeltaRecA,0.937
13,rep1,Cd,0,mM,VIPdeltaRecA,0.883
13,rep2,Cd,0,mM,VIPdeltaRecA,0.833
13,rep3,Cd,0,mM,VIPdeltaRecA,0.934
13.33333333,rep1,Cd,0,mM,VIPdeltaRecA,0.876
13.33333333,rep2,Cd,0,mM,VIPdeltaRecA,0.835
13.33333333,rep3,Cd,0,mM,VIPdeltaRecA,0.935
13.66666667,rep1,Cd,0,mM,VIPdeltaRecA,0.871
13.66666667,rep2,Cd,0,mM,VIPdeltaRecA,0.834
13.66666667,rep3,Cd,0,mM,VIPdeltaRecA,0.937
14,rep1,Cd,0,mM,VIPdeltaRecA,0.863
14,rep2,Cd,0,mM,VIPdeltaRecA,0.835
14,rep3,Cd,0,mM,VIPdeltaRecA,0.935
14.33333333,rep1,Cd,0,mM,VIPdeltaRecA,0.857
14.33333333,rep2,Cd,0,mM,VIPdeltaRecA,0.837
14.33333333,rep3,Cd,0,mM,VIPdeltaRecA,0.931
14.66666667,rep1,Cd,0,mM,VIPdeltaRecA,0.851
14.66666667,rep2,Cd,0,mM,VIPdeltaRecA,0.836
14.66666667,rep3,Cd,0,mM,VIPdeltaRecA,0.928
15,rep1,Cd,0,mM,VIPdeltaRecA,0.846
15,rep2,Cd,0,mM,VIPdeltaRecA,0.838
15,rep3,Cd,0,mM,VIPdeltaRecA,0.927
15.33333333,rep1,Cd,0,mM,VIPdeltaRecA,0.843
15.33333333,rep2,Cd,0,mM,VIPdeltaRecA,0.839
15.33333333,rep3,Cd,0,mM,VIPdeltaRecA,0.926
15.66666667,rep1,Cd,0,mM,VIPdeltaRecA,0.838
15.66666667,rep2,Cd,0,mM,VIPdeltaRecA,0.839
15.66666667,rep3,Cd,0,mM,VIPdeltaRecA,0.925
16,rep1,Cd,0,mM,VIPdeltaRecA,0.836
16,rep2,Cd,0,mM,VIPdeltaRecA,0.843
16,rep3,Cd,0,mM,VIPdeltaRecA,0.919
16.33333333,rep1,Cd,0,mM,VIPdeltaRecA,0.831
16.33333333,rep2,Cd,0,mM,VIPdeltaRecA,0.845
16.33333333,rep3,Cd,0,mM,VIPdeltaRecA,0.917
16.66666667,rep1,Cd,0,mM,VIPdeltaRecA,0.83
16.66666667,rep2,Cd,0,mM,VIPdeltaRecA,0.852
16.66666667,rep3,Cd,0,mM,VIPdeltaRecA,0.913
17,rep1,Cd,0,mM,VIPdeltaRecA,0.825
17,rep2,Cd,0,mM,VIPdeltaRecA,0.851
17,rep3,Cd,0,mM,VIPdeltaRecA,0.909
17.33333333,rep1,Cd,0,mM,VIPdeltaRecA,0.823
17.33333333,rep2,Cd,0,mM,VIPdeltaRecA,0.86
17.33333333,rep3,Cd,0,mM,VIPdeltaRecA,0.906
17.66666667,rep1,Cd,0,mM,VIPdeltaRecA,0.818
17.66666667,rep2,Cd,0,mM,VIPdeltaRecA,0.862
17.66666667,rep3,Cd,0,mM,VIPdeltaRecA,0.903
18,rep1,Cd,0,mM,VIPdeltaRecA,0.816
18,rep2,Cd,0,mM,VIPdeltaRecA,0.863
18,rep3,Cd,0,mM,VIPdeltaRecA,0.9
18.33333333,rep1,Cd,0,mM,VIPdeltaRecA,0.814
18.33333333,rep2,Cd,0,mM,VIPdeltaRecA,0.866
18.33333333,rep3,Cd,0,mM,VIPdeltaRecA,0.898
18.66666667,rep1,Cd,0,mM,VIPdeltaRecA,0.81
18.66666667,rep2,Cd,0,mM,VIPdeltaRecA,0.869
18.66666667,rep3,Cd,0,mM,VIPdeltaRecA,0.898
19,rep1,Cd,0,mM,VIPdeltaRecA,0.808
19,rep2,Cd,0,mM,VIPdeltaRecA,0.865
19,rep3,Cd,0,mM,VIPdeltaRecA,0.894
19.33333333,rep1,Cd,0,mM,VIPdeltaRecA,0.806
19.33333333,rep2,Cd,0,mM,VIPdeltaRecA,0.872
19.33333333,rep3,Cd,0,mM,VIPdeltaRecA,0.891
19.66666667,rep1,Cd,0,mM,VIPdeltaRecA,0.802
19.66666667,rep2,Cd,0,mM,VIPdeltaRecA,0.87
19.66666667,rep3,Cd,0,mM,VIPdeltaRecA,0.89
20,rep1,Cd,0,mM,VIPdeltaRecA,0.802
20,rep2,Cd,0,mM,VIPdeltaRecA,0.874
20,rep3,Cd,0,mM,VIPdeltaRecA,0.887
0,rep1,AMP,0,ug/mL,VIP205,0.085
0,rep2,AMP,0,ug/mL,VIP205,0.086
0,rep3,AMP,0,ug/mL,VIP205,0.085
0.3333333333,rep1,AMP,0,ug/mL,VIP205,0.087
0.3333333333,rep2,AMP,0,ug/mL,VIP205,0.089
0.3333333333,rep3,AMP,0,ug/mL,VIP205,0.087
0.6666666667,rep1,AMP,0,ug/mL,VIP205,0.096
0.6666666667,rep2,AMP,0,ug/mL,VIP205,0.099
0.6666666667,rep3,AMP,0,ug/mL,VIP205,0.096
1,rep1,AMP,0,ug/mL,VIP205,0.104
1,rep2,AMP,0,ug/mL,VIP205,0.107
1,rep3,AMP,0,ug/mL,VIP205,0.107
1.333333333,rep1,AMP,0,ug/mL,VIP205,0.115
1.333333333,rep2,AMP,0,ug/mL,VIP205,0.12
1.333333333,rep3,AMP,0,ug/mL,VIP205,0.114
1.666666667,rep1,AMP,0,ug/mL,VIP205,0.122
1.666666667,rep2,AMP,0,ug/mL,VIP205,0.125
1.666666667,rep3,AMP,0,ug/mL,VIP205,0.124
2,rep1,AMP,0,ug/mL,VIP205,0.145
2,rep2,AMP,0,ug/mL,VIP205,0.154
2,rep3,AMP,0,ug/mL,VIP205,0.149
2.333333333,rep1,AMP,0,ug/mL,VIP205,0.185
2.333333333,rep2,AMP,0,ug/mL,VIP205,0.201
2.333333333,rep3,AMP,0,ug/mL,VIP205,0.192
2.666666667,rep1,AMP,0,ug/mL,VIP205,0.234
2.666666667,rep2,AMP,0,ug/mL,VIP205,0.25
2.666666667,rep3,AMP,0,ug/mL,VIP205,0.245
3,rep1,AMP,0,ug/mL,VIP205,0.289
3,rep2,AMP,0,ug/mL,VIP205,0.324
3,rep3,AMP,0,ug/mL,VIP205,0.326
3.333333333,rep1,AMP,0,ug/mL,VIP205,0.339
3.333333333,rep2,AMP,0,ug/mL,VIP205,0.373
3.333333333,rep3,AMP,0,ug/mL,VIP205,0.37
3.666666667,rep1,AMP,0,ug/mL,VIP205,0.417
3.666666667,rep2,AMP,0,ug/mL,VIP205,0.451
3.666666667,rep3,AMP,0,ug/mL,VIP205,0.437
4,rep1,AMP,0,ug/mL,VIP205,0.501
4,rep2,AMP,0,ug/mL,VIP205,0.53
4,rep3,AMP,0,ug/mL,VIP205,0.51
4.333333333,rep1,AMP,0,ug/mL,VIP205,0.609
4.333333333,rep2,AMP,0,ug/mL,VIP205,0.643
4.333333333,rep3,AMP,0,ug/mL,VIP205,0.599
4.666666667,rep1,AMP,0,ug/mL,VIP205,0.674
4.666666667,rep2,AMP,0,ug/mL,VIP205,0.746
4.666666667,rep3,AMP,0,ug/mL,VIP205,0.63
5,rep1,AMP,0,ug/mL,VIP205,0.731
5,rep2,AMP,0,ug/mL,VIP205,0.697
5,rep3,AMP,0,ug/mL,VIP205,0.639
5.333333333,rep1,AMP,0,ug/mL,VIP205,0.698
5.333333333,rep2,AMP,0,ug/mL,VIP205,0.713
5.333333333,rep3,AMP,0,ug/mL,VIP205,0.604
5.666666667,rep1,AMP,0,ug/mL,VIP205,0.741
5.666666667,rep2,AMP,0,ug/mL,VIP205,0.724
5.666666667,rep3,AMP,0,ug/mL,VIP205,0.612
6,rep1,AMP,0,ug/mL,VIP205,0.794
6,rep2,AMP,0,ug/mL,VIP205,0.768
6,rep3,AMP,0,ug/mL,VIP205,0.646
6.333333333,rep1,AMP,0,ug/mL,VIP205,0.822
6.333333333,rep2,AMP,0,ug/mL,VIP205,0.794
6.333333333,rep3,AMP,0,ug/mL,VIP205,0.667
6.666666667,rep1,AMP,0,ug/mL,VIP205,0.84
6.666666667,rep2,AMP,0,ug/mL,VIP205,0.817
6.666666667,rep3,AMP,0,ug/mL,VIP205,0.687
7,rep1,AMP,0,ug/mL,VIP205,0.853
7,rep2,AMP,0,ug/mL,VIP205,0.826
7,rep3,AMP,0,ug/mL,VIP205,0.702
7.333333333,rep1,AMP,0,ug/mL,VIP205,0.869
7.333333333,rep2,AMP,0,ug/mL,VIP205,0.835
7.333333333,rep3,AMP,0,ug/mL,VIP205,0.717
7.666666667,rep1,AMP,0,ug/mL,VIP205,0.879
7.666666667,rep2,AMP,0,ug/mL,VIP205,0.844
7.666666667,rep3,AMP,0,ug/mL,VIP205,0.728
8,rep1,AMP,0,ug/mL,VIP205,0.887
8,rep2,AMP,0,ug/mL,VIP205,0.85
8,rep3,AMP,0,ug/mL,VIP205,0.741
8.333333333,rep1,AMP,0,ug/mL,VIP205,0.886
8.333333333,rep2,AMP,0,ug/mL,VIP205,0.856
8.333333333,rep3,AMP,0,ug/mL,VIP205,0.744
8.666666667,rep1,AMP,0,ug/mL,VIP205,0.889
8.666666667,rep2,AMP,0,ug/mL,VIP205,0.859
8.666666667,rep3,AMP,0,ug/mL,VIP205,0.751
9,rep1,AMP,0,ug/mL,VIP205,0.89
9,rep2,AMP,0,ug/mL,VIP205,0.861
9,rep3,AMP,0,ug/mL,VIP205,0.756
9.333333333,rep1,AMP,0,ug/mL,VIP205,0.89
9.333333333,rep2,AMP,0,ug/mL,VIP205,0.863
9.333333333,rep3,AMP,0,ug/mL,VIP205,0.761
9.666666667,rep1,AMP,0,ug/mL,VIP205,0.889
9.666666667,rep2,AMP,0,ug/mL,VIP205,0.866
9.666666667,rep3,AMP,0,ug/mL,VIP205,0.765
10,rep1,AMP,0,ug/mL,VIP205,0.893
10,rep2,AMP,0,ug/mL,VIP205,0.867
10,rep3,AMP,0,ug/mL,VIP205,0.768
10.33333333,rep1,AMP,0,ug/mL,VIP205,0.893
10.33333333,rep2,AMP,0,ug/mL,VIP205,0.869
10.33333333,rep3,AMP,0,ug/mL,VIP205,0.768
10.66666667,rep1,AMP,0,ug/mL,VIP205,0.891
10.66666667,rep2,AMP,0,ug/mL,VIP205,0.872
10.66666667,rep3,AMP,0,ug/mL,VIP205,0.773
11,rep1,AMP,0,ug/mL,VIP205,0.894
11,rep2,AMP,0,ug/mL,VIP205,0.874
11,rep3,AMP,0,ug/mL,VIP205,0.774
11.33333333,rep1,AMP,0,ug/mL,VIP205,0.892
11.33333333,rep2,AMP,0,ug/mL,VIP205,0.876
11.33333333,rep3,AMP,0,ug/mL,VIP205,0.779
11.66666667,rep1,AMP,0,ug/mL,VIP205,0.895
11.66666667,rep2,AMP,0,ug/mL,VIP205,0.878
11.66666667,rep3,AMP,0,ug/mL,VIP205,0.78
12,rep1,AMP,0,ug/mL,VIP205,0.895
12,rep2,AMP,0,ug/mL,VIP205,0.879
12,rep3,AMP,0,ug/mL,VIP205,0.783
12.33333333,rep1,AMP,0,ug/mL,VIP205,0.895
12.33333333,rep2,AMP,0,ug/mL,VIP205,0.881
12.33333333,rep3,AMP,0,ug/mL,VIP205,0.785
12.66666667,rep1,AMP,0,ug/mL,VIP205,0.896
12.66666667,rep2,AMP,0,ug/mL,VIP205,0.883
12.66666667,rep3,AMP,0,ug/mL,VIP205,0.789
13,rep1,AMP,0,ug/mL,VIP205,0.896
13,rep2,AMP,0,ug/mL,VIP205,0.884
13,rep3,AMP,0,ug/mL,VIP205,0.791
13.33333333,rep1,AMP,0,ug/mL,VIP205,0.897
13.33333333,rep2,AMP,0,ug/mL,VIP205,0.886
13.33333333,rep3,AMP,0,ug/mL,VIP205,0.792
13.66666667,rep1,AMP,0,ug/mL,VIP205,0.894
13.66666667,rep2,AMP,0,ug/mL,VIP205,0.888
13.66666667,rep3,AMP,0,ug/mL,VIP205,0.794
14,rep1,AMP,0,ug/mL,VIP205,0.896
14,rep2,AMP,0,ug/mL,VIP205,0.889
14,rep3,AMP,0,ug/mL,VIP205,0.796
14.33333333,rep1,AMP,0,ug/mL,VIP205,0.896
14.33333333,rep2,AMP,0,ug/mL,VIP205,0.891
14.33333333,rep3,AMP,0,ug/mL,VIP205,0.798
14.66666667,rep1,AMP,0,ug/mL,VIP205,0.894
14.66666667,rep2,AMP,0,ug/mL,VIP205,0.893
14.66666667,rep3,AMP,0,ug/mL,VIP205,0.799
15,rep1,AMP,0,ug/mL,VIP205,0.896
15,rep2,AMP,0,ug/mL,VIP205,0.895
15,rep3,AMP,0,ug/mL,VIP205,0.801
15.33333333,rep1,AMP,0,ug/mL,VIP205,0.895
15.33333333,rep2,AMP,0,ug/mL,VIP205,0.896
15.33333333,rep3,AMP,0,ug/mL,VIP205,0.803
15.66666667,rep1,AMP,0,ug/mL,VIP205,0.895
15.66666667,rep2,AMP,0,ug/mL,VIP205,0.897
15.66666667,rep3,AMP,0,ug/mL,VIP205,0.805
16,rep1,AMP,0,ug/mL,VIP205,0.896
16,rep2,AMP,0,ug/mL,VIP205,0.899
16,rep3,AMP,0,ug/mL,VIP205,0.807
16.33333333,rep1,AMP,0,ug/mL,VIP205,0.896
16.33333333,rep2,AMP,0,ug/mL,VIP205,0.901
16.33333333,rep3,AMP,0,ug/mL,VIP205,0.808
16.66666667,rep1,AMP,0,ug/mL,VIP205,0.896
16.66666667,rep2,AMP,0,ug/mL,VIP205,0.902
16.66666667,rep3,AMP,0,ug/mL,VIP205,0.81
17,rep1,AMP,0,ug/mL,VIP205,0.896
17,rep2,AMP,0,ug/mL,VIP205,0.904
17,rep3,AMP,0,ug/mL,VIP205,0.812
17.33333333,rep1,AMP,0,ug/mL,VIP205,0.896
17.33333333,rep2,AMP,0,ug/mL,VIP205,0.905
17.33333333,rep3,AMP,0,ug/mL,VIP205,0.814
17.66666667,rep1,AMP,0,ug/mL,VIP205,0.896
17.66666667,rep2,AMP,0,ug/mL,VIP205,0.906
17.66666667,rep3,AMP,0,ug/mL,VIP205,0.815
18,rep1,AMP,0,ug/mL,VIP205,0.896
18,rep2,AMP,0,ug/mL,VIP205,0.908
18,rep3,AMP,0,ug/mL,VIP205,0.817
18.33333333,rep1,AMP,0,ug/mL,VIP205,0.896
18.33333333,rep2,AMP,0,ug/mL,VIP205,0.909
18.33333333,rep3,AMP,0,ug/mL,VIP205,0.817
18.66666667,rep1,AMP,0,ug/mL,VIP205,0.896
18.66666667,rep2,AMP,0,ug/mL,VIP205,0.911
18.66666667,rep3,AMP,0,ug/mL,VIP205,0.819
19,rep1,AMP,0,ug/mL,VIP205,0.896
19,rep2,AMP,0,ug/mL,VIP205,0.913
19,rep3,AMP,0,ug/mL,VIP205,0.82
19.33333333,rep1,AMP,0,ug/mL,VIP205,0.897
19.33333333,rep2,AMP,0,ug/mL,VIP205,0.914
19.33333333,rep3,AMP,0,ug/mL,VIP205,0.821
19.66666667,rep1,AMP,0,ug/mL,VIP205,0.896
19.66666667,rep2,AMP,0,ug/mL,VIP205,0.915
19.66666667,rep3,AMP,0,ug/mL,VIP205,0.822
20,rep1,AMP,0,ug/mL,VIP205,0.896
20,rep2,AMP,0,ug/mL,VIP205,0.917
20,rep3,AMP,0,ug/mL,VIP205,0.824
0,rep1,Cd,0,mM,VIP205,0.084
0,rep2,Cd,0,mM,VIP205,0.088
0,rep3,Cd,0,mM,VIP205,0.087
0.3333333333,rep1,Cd,0,mM,VIP205,0.088
0.3333333333,rep2,Cd,0,mM,VIP205,0.094
0.3333333333,rep3,Cd,0,mM,VIP205,0.094
0.6666666667,rep1,Cd,0,mM,VIP205,0.097
0.6666666667,rep2,Cd,0,mM,VIP205,0.106
0.6666666667,rep3,Cd,0,mM,VIP205,0.104
1,rep1,Cd,0,mM,VIP205,0.105
1,rep2,Cd,0,mM,VIP205,0.115
1,rep3,Cd,0,mM,VIP205,0.112
1.333333333,rep1,Cd,0,mM,VIP205,0.114
1.333333333,rep2,Cd,0,mM,VIP205,0.126
1.333333333,rep3,Cd,0,mM,VIP205,0.116
1.666666667,rep1,Cd,0,mM,VIP205,0.121
1.666666667,rep2,Cd,0,mM,VIP205,0.137
1.666666667,rep3,Cd,0,mM,VIP205,0.135
2,rep1,Cd,0,mM,VIP205,0.15
2,rep2,Cd,0,mM,VIP205,0.176
2,rep3,Cd,0,mM,VIP205,0.169
2.333333333,rep1,Cd,0,mM,VIP205,0.204
2.333333333,rep2,Cd,0,mM,VIP205,0.234
2.333333333,rep3,Cd,0,mM,VIP205,0.221
2.666666667,rep1,Cd,0,mM,VIP205,0.247
2.666666667,rep2,Cd,0,mM,VIP205,0.288
2.666666667,rep3,Cd,0,mM,VIP205,0.281
3,rep1,Cd,0,mM,VIP205,0.335
3,rep2,Cd,0,mM,VIP205,0.363
3,rep3,Cd,0,mM,VIP205,0.349
3.333333333,rep1,Cd,0,mM,VIP205,0.388
3.333333333,rep2,Cd,0,mM,VIP205,0.427
3.333333333,rep3,Cd,0,mM,VIP205,0.419
3.666666667,rep1,Cd,0,mM,VIP205,0.47
3.666666667,rep2,Cd,0,mM,VIP205,0.512
3.666666667,rep3,Cd,0,mM,VIP205,0.509
4,rep1,Cd,0,mM,VIP205,0.554
4,rep2,Cd,0,mM,VIP205,0.64
4,rep3,Cd,0,mM,VIP205,0.652
4.333333333,rep1,Cd,0,mM,VIP205,0.642
4.333333333,rep2,Cd,0,mM,VIP205,0.703
4.333333333,rep3,Cd,0,mM,VIP205,0.661
4.666666667,rep1,Cd,0,mM,VIP205,0.669
4.666666667,rep2,Cd,0,mM,VIP205,0.673
4.666666667,rep3,Cd,0,mM,VIP205,0.634
5,rep1,Cd,0,mM,VIP205,0.674
5,rep2,Cd,0,mM,VIP205,0.636
5,rep3,Cd,0,mM,VIP205,0.625
5.333333333,rep1,Cd,0,mM,VIP205,0.688
5.333333333,rep2,Cd,0,mM,VIP205,0.644
5.333333333,rep3,Cd,0,mM,VIP205,0.643
5.666666667,rep1,Cd,0,mM,VIP205,0.695
5.666666667,rep2,Cd,0,mM,VIP205,0.68
5.666666667,rep3,Cd,0,mM,VIP205,0.664
6,rep1,Cd,0,mM,VIP205,0.713
6,rep2,Cd,0,mM,VIP205,0.704
6,rep3,Cd,0,mM,VIP205,0.692
6.333333333,rep1,Cd,0,mM,VIP205,0.733
6.333333333,rep2,Cd,0,mM,VIP205,0.732
6.333333333,rep3,Cd,0,mM,VIP205,0.726
6.666666667,rep1,Cd,0,mM,VIP205,0.758
6.666666667,rep2,Cd,0,mM,VIP205,0.758
6.666666667,rep3,Cd,0,mM,VIP205,0.747
7,rep1,Cd,0,mM,VIP205,0.779
7,rep2,Cd,0,mM,VIP205,0.782
7,rep3,Cd,0,mM,VIP205,0.772
7.333333333,rep1,Cd,0,mM,VIP205,0.801
7.333333333,rep2,Cd,0,mM,VIP205,0.81
7.333333333,rep3,Cd,0,mM,VIP205,0.801
7.666666667,rep1,Cd,0,mM,VIP205,0.809
7.666666667,rep2,Cd,0,mM,VIP205,0.834
7.666666667,rep3,Cd,0,mM,VIP205,0.827
8,rep1,Cd,0,mM,VIP205,0.823
8,rep2,Cd,0,mM,VIP205,0.851
8,rep3,Cd,0,mM,VIP205,0.848
8.333333333,rep1,Cd,0,mM,VIP205,0.835
8.333333333,rep2,Cd,0,mM,VIP205,0.867
8.333333333,rep3,Cd,0,mM,VIP205,0.868
8.666666667,rep1,Cd,0,mM,VIP205,0.847
8.666666667,rep2,Cd,0,mM,VIP205,0.879
8.666666667,rep3,Cd,0,mM,VIP205,0.883
9,rep1,Cd,0,mM,VIP205,0.853
9,rep2,Cd,0,mM,VIP205,0.887
9,rep3,Cd,0,mM,VIP205,0.896
9.333333333,rep1,Cd,0,mM,VIP205,0.863
9.333333333,rep2,Cd,0,mM,VIP205,0.896
9.333333333,rep3,Cd,0,mM,VIP205,0.908
9.666666667,rep1,Cd,0,mM,VIP205,0.874
9.666666667,rep2,Cd,0,mM,VIP205,0.907
9.666666667,rep3,Cd,0,mM,VIP205,0.918
10,rep1,Cd,0,mM,VIP205,0.882
10,rep2,Cd,0,mM,VIP205,0.914
10,rep3,Cd,0,mM,VIP205,0.927
10.33333333,rep1,Cd,0,mM,VIP205,0.891
10.33333333,rep2,Cd,0,mM,VIP205,0.922
10.33333333,rep3,Cd,0,mM,VIP205,0.936
10.66666667,rep1,Cd,0,mM,VIP205,0.9
10.66666667,rep2,Cd,0,mM,VIP205,0.933
10.66666667,rep3,Cd,0,mM,VIP205,0.945
11,rep1,Cd,0,mM,VIP205,0.909
11,rep2,Cd,0,mM,VIP205,0.941
11,rep3,Cd,0,mM,VIP205,0.954
11.33333333,rep1,Cd,0,mM,VIP205,0.915
11.33333333,rep2,Cd,0,mM,VIP205,0.948
11.33333333,rep3,Cd,0,mM,VIP205,0.961
11.66666667,rep1,Cd,0,mM,VIP205,0.924
11.66666667,rep2,Cd,0,mM,VIP205,0.956
11.66666667,rep3,Cd,0,mM,VIP205,0.967
12,rep1,Cd,0,mM,VIP205,0.929
12,rep2,Cd,0,mM,VIP205,0.962
12,rep3,Cd,0,mM,VIP205,0.973
12.33333333,rep1,Cd,0,mM,VIP205,0.934
12.33333333,rep2,Cd,0,mM,VIP205,0.969
12.33333333,rep3,Cd,0,mM,VIP205,0.979
12.66666667,rep1,Cd,0,mM,VIP205,0.941
12.66666667,rep2,Cd,0,mM,VIP205,0.977
12.66666667,rep3,Cd,0,mM,VIP205,0.984
13,rep1,Cd,0,mM,VIP205,0.945
13,rep2,Cd,0,mM,VIP205,0.981
13,rep3,Cd,0,mM,VIP205,0.99
13.33333333,rep1,Cd,0,mM,VIP205,0.948
13.33333333,rep2,Cd,0,mM,VIP205,0.985
13.33333333,rep3,Cd,0,mM,VIP205,0.994
13.66666667,rep1,Cd,0,mM,VIP205,0.952
13.66666667,rep2,Cd,0,mM,VIP205,0.991
13.66666667,rep3,Cd,0,mM,VIP205,1
14,rep1,Cd,0,mM,VIP205,0.957
14,rep2,Cd,0,mM,VIP205,0.994
14,rep3,Cd,0,mM,VIP205,1.004
14.33333333,rep1,Cd,0,mM,VIP205,0.96
14.33333333,rep2,Cd,0,mM,VIP205,0.999
14.33333333,rep3,Cd,0,mM,VIP205,1.009
14.66666667,rep1,Cd,0,mM,VIP205,0.963
14.66666667,rep2,Cd,0,mM,VIP205,1.003
14.66666667,rep3,Cd,0,mM,VIP205,1.012
15,rep1,Cd,0,mM,VIP205,0.966
15,rep2,Cd,0,mM,VIP205,1.005
15,rep3,Cd,0,mM,VIP205,1.016
15.33333333,rep1,Cd,0,mM,VIP205,0.968
15.33333333,rep2,Cd,0,mM,VIP205,1.008
15.33333333,rep3,Cd,0,mM,VIP205,1.02
15.66666667,rep1,Cd,0,mM,VIP205,0.966
15.66666667,rep2,Cd,0,mM,VIP205,1.01
15.66666667,rep3,Cd,0,mM,VIP205,1.024
16,rep1,Cd,0,mM,VIP205,0.967
16,rep2,Cd,0,mM,VIP205,1.013
16,rep3,Cd,0,mM,VIP205,1.027
16.33333333,rep1,Cd,0,mM,VIP205,0.967
16.33333333,rep2,Cd,0,mM,VIP205,1.016
16.33333333,rep3,Cd,0,mM,VIP205,1.029
16.66666667,rep1,Cd,0,mM,VIP205,0.969
16.66666667,rep2,Cd,0,mM,VIP205,1.018
16.66666667,rep3,Cd,0,mM,VIP205,1.032
17,rep1,Cd,0,mM,VIP205,0.969
17,rep2,Cd,0,mM,VIP205,1.019
17,rep3,Cd,0,mM,VIP205,1.035
17.33333333,rep1,Cd,0,mM,VIP205,0.966
17.33333333,rep2,Cd,0,mM,VIP205,1.02
17.33333333,rep3,Cd,0,mM,VIP205,1.037
17.66666667,rep1,Cd,0,mM,VIP205,0.966
17.66666667,rep2,Cd,0,mM,VIP205,1.022
17.66666667,rep3,Cd,0,mM,VIP205,1.039
18,rep1,Cd,0,mM,VIP205,0.963
18,rep2,Cd,0,mM,VIP205,1.023
18,rep3,Cd,0,mM,VIP205,1.042
18.33333333,rep1,Cd,0,mM,VIP205,0.961
18.33333333,rep2,Cd,0,mM,VIP205,1.023
18.33333333,rep3,Cd,0,mM,VIP205,1.045
18.66666667,rep1,Cd,0,mM,VIP205,0.967
18.66666667,rep2,Cd,0,mM,VIP205,1.026
18.66666667,rep3,Cd,0,mM,VIP205,1.047
19,rep1,Cd,0,mM,VIP205,0.963
19,rep2,Cd,0,mM,VIP205,1.027
19,rep3,Cd,0,mM,VIP205,1.05
19.33333333,rep1,Cd,0,mM,VIP205,0.962
19.33333333,rep2,Cd,0,mM,VIP205,1.027
19.33333333,rep3,Cd,0,mM,VIP205,1.051
19.66666667,rep1,Cd,0,mM,VIP205,0.962
19.66666667,rep2,Cd,0,mM,VIP205,1.028
19.66666667,rep3,Cd,0,mM,VIP205,1.054
20,rep1,Cd,0,mM,VIP205,0.962
20,rep2,Cd,0,mM,VIP205,1.03
20,rep3,Cd,0,mM,VIP205,1.057